name,code,url,updatedAt,gasDayStart,gasDayEnd,gasInStorage,consumption,consumptionFull,injection,withdrawal,netWithdrawal,workingGasVolume,injectionCapacity,withdrawalCapacity,contractedCapacity,availableCapacity,coveredCapacity,status,trend,full,info,country_code
Austria,AT,AT,2023-06-02 16:00:18,2023-06-01 00:00:00+00:00,2023-06-02,73.3588,76.6,95.77,146.88,4.3,-142.6,96.9556,854.91,1074.72,97.7025,-0.5778,-,C,0.15,75.66,,AT
Austria,AT,AT,2023-06-03 16:00:03,2023-06-02 00:00:00+00:00,2023-06-03,73.5487,76.6,96.02,189.93,0.0,-189.9,96.9556,854.91,1074.72,97.7025,-0.5778,-,C,0.2,75.86,,AT
Austria,AT,AT,2023-06-04 16:05:02,2023-06-03 00:00:00+00:00,2023-06-04,73.8589,76.6,96.42,310.22,0.0,-310.2,96.9556,854.91,1074.72,97.7025,-0.5778,-,C,0.32,76.18,,AT
Austria,AT,AT,2023-06-05 16:05:03,2023-06-04 00:00:00+00:00,2023-06-05,74.1828,76.6,96.84,323.84,0.0,-323.8,96.9556,854.91,1074.72,97.7025,-0.5778,-,C,0.33,76.51,,AT
Austria,AT,AT,2023-06-06 16:05:03,2023-06-05 00:00:00+00:00,2023-06-06,74.3544,76.6,97.07,171.62,0.0,-171.6,96.9556,854.91,1074.72,97.7025,-0.5778,-,C,0.18,76.69,,AT
Austria,AT,AT,2023-06-07 16:05:02,2023-06-06 00:00:00+00:00,2023-06-07,74.4834,76.6,97.24,129.0,0.0,-129.0,96.9556,854.91,1074.72,97.7025,-0.5778,-,C,0.13,76.82,,AT
Austria,AT,AT,2023-06-08 16:05:03,2023-06-07 00:00:00+00:00,2023-06-08,74.6146,76.6,97.41,131.21,0.0,-131.2,96.9556,854.91,1074.72,97.7557,-0.5778,-,C,0.14,76.96,,AT
Austria,AT,AT,2023-06-09 16:00:02,2023-06-08 00:00:00+00:00,2023-06-09,74.7974,76.6,97.65,182.75,0.0,-182.7,96.9556,854.91,1074.72,97.7557,-0.5778,-,C,0.19,77.15,,AT
Austria,AT,AT,2023-06-10 16:00:03,2023-06-09 00:00:00+00:00,2023-06-10,75.0256,76.6,97.94,228.26,0.0,-228.3,96.9556,854.91,1074.72,97.7557,-0.5778,-,C,0.24,77.38,,AT
Austria,AT,AT,2023-06-11 16:00:03,2023-06-10 00:00:00+00:00,2023-06-11,75.3683,76.6,98.39,342.68,0.0,-342.7,96.9556,854.91,1074.72,97.7557,-0.5778,-,C,0.35,77.73,,AT
Austria,AT,AT,2023-06-12 16:00:03,2023-06-11 00:00:00+00:00,2023-06-12,75.7572,76.6,98.9,388.92,0.0,-388.9,96.9556,854.91,1074.72,97.7557,-0.5778,-,C,0.4,78.14,,AT
Austria,AT,AT,2023-06-13 16:05:02,2023-06-12 00:00:00+00:00,2023-06-13,76.0202,76.6,99.24,263.25,0.0,-263.2,96.9556,854.91,1074.72,97.7557,-0.5778,-,C,0.27,78.41,,AT
Austria,AT,AT,2023-06-14 16:05:03,2023-06-13 00:00:00+00:00,2023-06-14,76.284,76.6,99.59,265.35,0.0,-265.4,96.9556,854.91,1074.72,97.7557,-0.5778,-,C,0.27,78.68,,AT
Austria,AT,AT,2023-06-15 16:05:03,2023-06-14 00:00:00+00:00,2023-06-15,76.5272,76.6,99.9,243.15,0.0,-243.2,96.9556,854.91,1074.72,97.8057,-0.5778,-,C,0.25,78.93,,AT
Austria,AT,AT,2023-06-16 16:05:09,2023-06-15 00:00:00+00:00,2023-06-16,76.747,76.6,100.19,222.75,2.9,-219.9,96.9556,854.91,1074.72,97.8057,-0.5778,-,C,0.23,79.16,,AT
Austria,AT,AT,2023-06-17 16:00:03,2023-06-16 00:00:00+00:00,2023-06-17,76.9654,76.6,100.48,218.38,0.0,-218.4,96.9556,854.91,1074.72,97.8057,-0.5778,-,C,0.23,79.38,,AT
Austria,AT,AT,2023-06-18 16:00:03,2023-06-17 00:00:00+00:00,2023-06-18,77.3051,76.6,100.92,339.69,0.0,-339.7,96.9556,854.91,1074.72,97.8057,-0.5778,-,C,0.35,79.73,,AT
Austria,AT,AT,2023-06-19 16:00:23,2023-06-18 00:00:00+00:00,2023-06-19,77.6663,76.6,101.39,361.18,0.0,-361.2,96.9556,854.91,1074.72,97.8057,-0.5778,-,C,0.37,80.1,,AT
Austria,AT,AT,2023-06-20 16:00:21,2023-06-19 00:00:00+00:00,2023-06-20,77.7752,76.6,101.53,108.95,0.0,-109.0,96.9556,854.91,1074.72,97.8057,-0.5778,-,C,0.11,80.22,,AT
Austria,AT,AT,2023-06-22 16:05:27,2023-06-20 00:00:00+00:00,2023-06-21,77.9416,76.6,101.75,166.43,0.0,-166.4,96.9556,854.91,1074.72,97.8057,-0.5778,-,C,0.17,80.39,,AT
Austria,AT,AT,2023-06-22 16:05:27,2023-06-21 00:00:00+00:00,2023-06-22,77.9541,76.6,101.77,58.16,45.7,-12.5,96.9556,854.91,1074.72,97.8557,-0.5778,-,C,0.01,80.4,,AT
Austria,AT,AT,2023-06-23 16:05:03,2023-06-22 00:00:00+00:00,2023-06-23,78.0074,76.6,101.84,81.39,28.1,-53.3,96.9556,854.91,1074.72,97.8557,-0.5778,-,C,0.05,80.46,,AT
Austria,AT,AT,2023-06-24 16:00:03,2023-06-23 00:00:00+00:00,2023-06-24,78.1576,76.6,102.03,150.21,0.0,-150.2,96.9556,854.91,1074.72,97.8557,-0.5778,-,C,0.15,80.61,,AT
Austria,AT,AT,2023-06-25 16:00:03,2023-06-24 00:00:00+00:00,2023-06-25,78.5271,76.6,102.52,369.5,0.0,-369.5,96.9556,854.91,1074.72,97.8557,-0.5778,-,C,0.38,80.99,,AT
Austria,AT,AT,2023-06-26 16:00:03,2023-06-25 00:00:00+00:00,2023-06-26,78.9002,76.6,103.0,373.06,0.0,-373.1,96.9556,854.91,1074.72,97.8557,-0.5778,-,C,0.38,81.38,,AT
Austria,AT,AT,2023-06-27 16:00:03,2023-06-26 00:00:00+00:00,2023-06-27,79.1157,76.6,103.28,215.53,0.0,-215.5,96.9556,854.91,1074.72,97.8557,-0.5778,-,C,0.22,81.6,,AT
Austria,AT,AT,2023-06-28 16:00:03,2023-06-27 00:00:00+00:00,2023-06-28,79.2005,76.6,103.39,84.74,0.0,-84.7,96.9556,854.91,1074.72,97.8557,-0.5778,-,C,0.09,81.69,,AT
Austria,AT,AT,2023-06-29 16:05:03,2023-06-28 00:00:00+00:00,2023-06-29,79.3123,76.6,103.54,111.83,0.0,-111.8,96.9556,854.91,1074.72,97.8557,-0.5778,-,C,0.12,81.8,,AT
Austria,AT,AT,2023-06-30 16:00:03,2023-06-29 00:00:00+00:00,2023-06-30,79.4672,76.6,103.74,154.87,0.0,-154.9,96.9556,854.91,1074.72,97.8557,-0.5778,-,C,0.16,81.96,,AT
Austria,AT,AT,2023-07-03 16:00:17,2023-06-30 00:00:00+00:00,2023-07-01,79.6799,76.6,104.02,212.73,0.0,-212.7,96.9556,854.91,1074.72,97.8557,-0.5778,-,C,0.22,82.18,,AT
Belgium,BE,BE,2024-10-01 13:34:43,2023-06-01 00:00:00+00:00,2023-06-02,4.8879,157.55,3.1,53.32,0.0,-53.3,8.83,88.14,169.66,8.8292,0,-,C,0.6,55.36,,BE
Belgium,BE,BE,2024-10-01 14:37:43,2023-06-02 00:00:00+00:00,2023-06-03,4.9426,157.55,3.14,54.65,0.0,-54.7,8.83,88.14,169.66,8.8292,0,-,C,0.62,55.97,,BE
Belgium,BE,BE,2024-10-01 12:10:24,2023-06-03 00:00:00+00:00,2023-06-04,5.0015,157.55,3.17,58.92,0.0,-58.9,8.83,88.14,169.66,8.8292,0,-,C,0.67,56.64,,BE
Belgium,BE,BE,2024-10-01 12:08:45,2023-06-04 00:00:00+00:00,2023-06-05,5.0532,157.55,3.21,51.71,0.0,-51.7,8.83,88.14,169.66,8.8292,0,-,C,0.59,57.23,,BE
Belgium,BE,BE,2024-10-01 12:02:58,2023-06-05 00:00:00+00:00,2023-06-06,5.1021,157.55,3.24,48.95,0.0,-49.0,8.83,88.14,169.66,8.8292,0,-,C,0.55,57.78,,BE
Belgium,BE,BE,2024-10-01 14:38:22,2023-06-06 00:00:00+00:00,2023-06-07,5.142,157.55,3.26,39.86,0.0,-39.9,8.83,88.14,169.66,8.8292,0,-,C,0.45,58.23,,BE
Belgium,BE,BE,2024-10-01 14:32:10,2023-06-07 00:00:00+00:00,2023-06-08,5.1826,157.55,3.29,40.59,0.0,-40.6,8.83,88.14,169.66,8.8292,0,-,C,0.46,58.69,,BE
Belgium,BE,BE,2024-10-01 13:22:39,2023-06-08 00:00:00+00:00,2023-06-09,5.2187,157.55,3.31,36.11,0.0,-36.1,8.83,88.14,169.66,8.8292,0,-,C,0.41,59.1,,BE
Belgium,BE,BE,2024-10-01 14:02:07,2023-06-09 00:00:00+00:00,2023-06-10,5.2802,157.55,3.35,61.5,0.0,-61.5,8.83,88.14,169.66,8.8292,0,-,C,0.7,59.8,,BE
Belgium,BE,BE,2024-10-01 12:00:39,2023-06-10 00:00:00+00:00,2023-06-11,5.3509,157.55,3.4,70.71,0.0,-70.7,8.83,88.14,169.66,8.8292,0,-,C,0.8,60.6,,BE
Belgium,BE,BE,2024-10-01 14:35:35,2023-06-11 00:00:00+00:00,2023-06-12,5.42,157.55,3.44,69.05,0.0,-69.1,8.83,88.14,169.66,8.8292,0,-,C,0.78,61.38,,BE
Belgium,BE,BE,2024-10-01 12:02:03,2023-06-12 00:00:00+00:00,2023-06-13,5.4762,157.55,3.48,56.21,0.0,-56.2,8.83,88.14,169.66,8.8292,0,-,C,0.64,62.02,,BE
Belgium,BE,BE,2024-10-01 12:19:29,2023-06-13 00:00:00+00:00,2023-06-14,5.5289,157.55,3.51,52.72,0.0,-52.7,8.83,88.14,169.66,8.8292,0,-,C,0.6,62.62,,BE
Belgium,BE,BE,2024-10-01 12:13:33,2023-06-14 00:00:00+00:00,2023-06-15,5.5858,157.55,3.55,56.88,0.0,-56.9,8.83,88.14,169.66,8.8292,0,-,C,0.64,63.26,,BE
Belgium,BE,BE,2024-10-01 12:01:34,2023-06-15 00:00:00+00:00,2023-06-16,5.6381,157.55,3.58,52.3,0.0,-52.3,8.83,88.14,169.66,8.8292,0,-,C,0.59,63.85,,BE
Belgium,BE,BE,2024-10-01 12:03:27,2023-06-16 00:00:00+00:00,2023-06-17,5.7084,157.55,3.62,70.35,0.0,-70.3,8.83,88.14,169.66,8.8292,0,-,C,0.8,64.65,,BE
Belgium,BE,BE,2024-10-01 14:14:11,2023-06-17 00:00:00+00:00,2023-06-18,5.757,157.55,3.65,48.54,0.0,-48.5,8.83,88.14,169.66,8.8292,0,-,C,0.55,65.2,,BE
Belgium,BE,BE,2024-10-01 12:15:16,2023-06-18 00:00:00+00:00,2023-06-19,5.8314,157.55,3.7,74.38,0.0,-74.4,8.83,88.14,169.66,8.8292,0,-,C,0.84,66.04,,BE
Belgium,BE,BE,2024-10-01 14:32:32,2023-06-19 00:00:00+00:00,2023-06-20,5.8918,157.55,3.74,60.43,0.0,-60.4,8.83,88.14,169.66,8.8292,0,-,C,0.68,66.72,,BE
Belgium,BE,BE,2024-10-01 12:03:53,2023-06-20 00:00:00+00:00,2023-06-21,5.9289,157.55,3.76,37.14,0.0,-37.1,8.83,88.14,169.66,8.8292,0,-,C,0.42,67.15,,BE
Belgium,BE,BE,2024-10-01 14:32:57,2023-06-21 00:00:00+00:00,2023-06-22,5.9677,157.55,3.79,38.81,0.0,-38.8,8.83,88.14,169.66,8.8292,0,-,C,0.44,67.58,,BE
Belgium,BE,BE,2024-10-01 14:41:55,2023-06-22 00:00:00+00:00,2023-06-23,5.9718,157.55,3.79,4.07,0.0,-4.1,8.83,88.14,169.66,8.8292,0,-,C,0.05,67.63,,BE
Belgium,BE,BE,2024-10-01 14:13:52,2023-06-23 00:00:00+00:00,2023-06-24,6.0154,157.55,3.82,43.6,0.0,-43.6,8.83,88.14,169.66,8.8292,0,-,C,0.49,68.12,,BE
Belgium,BE,BE,2024-10-01 13:37:28,2023-06-24 00:00:00+00:00,2023-06-25,6.0726,157.55,3.85,57.21,0.0,-57.2,8.83,88.14,169.66,8.8292,0,-,C,0.65,68.77,,BE
Belgium,BE,BE,2024-10-01 14:20:48,2023-06-25 00:00:00+00:00,2023-06-26,6.1414,157.55,3.9,68.78,0.0,-68.8,8.83,88.14,169.66,8.8292,0,-,C,0.78,69.55,,BE
Belgium,BE,BE,2024-10-01 13:34:01,2023-06-26 00:00:00+00:00,2023-06-27,6.1861,157.55,3.93,44.73,0.0,-44.7,8.83,88.14,169.66,8.8292,0,-,C,0.51,70.06,,BE
Belgium,BE,BE,2024-10-01 12:09:27,2023-06-27 00:00:00+00:00,2023-06-28,6.2097,157.55,3.94,23.52,0.0,-23.5,8.83,88.14,169.66,8.8292,0,-,C,0.27,70.32,,BE
Belgium,BE,BE,2024-10-01 12:06:27,2023-06-28 00:00:00+00:00,2023-06-29,6.2351,157.55,3.96,25.44,0.0,-25.4,8.83,88.14,169.66,8.8292,0,-,C,0.29,70.61,,BE
Belgium,BE,BE,2024-10-01 14:15:18,2023-06-29 00:00:00+00:00,2023-06-30,6.2681,157.55,3.98,32.99,0.0,-33.0,8.83,88.14,169.66,8.8292,0,-,C,0.37,70.99,,BE
Belgium,BE,BE,2024-10-01 12:06:45,2023-06-30 00:00:00+00:00,2023-07-01,6.3294,157.55,4.02,61.28,0.0,-61.3,8.83,88.14,169.66,8.8292,0,-,C,0.69,71.68,,BE
Czech Republic,CZ,CZ,2023-06-02 09:06:58,2023-06-01 00:00:00+00:00,2023-06-02,31.6805,77.05,41.12,243.11,0.2,-242.9,44.2962,509.04,706.87,35.9194,0.0001,-,C,0.55,71.52,,CZ
Czech Republic,CZ,CZ,2023-06-03 09:00:10,2023-06-02 00:00:00+00:00,2023-06-03,31.921,77.05,41.43,242.89,0.1,-242.8,44.2962,509.04,706.87,35.9194,0.0001,-,C,0.54,72.06,,CZ
Czech Republic,CZ,CZ,2023-06-04 09:05:37,2023-06-03 00:00:00+00:00,2023-06-04,32.1549,77.05,41.73,236.1,0.1,-236.0,44.2962,509.04,706.87,35.9194,0.0001,-,C,0.53,72.59,,CZ
Czech Republic,CZ,CZ,2023-06-05 09:00:46,2023-06-04 00:00:00+00:00,2023-06-05,32.3896,77.05,42.04,236.62,0.7,-235.9,44.2962,509.04,706.87,35.9194,0.0001,-,C,0.53,73.12,,CZ
Czech Republic,CZ,CZ,2023-06-06 09:40:08,2023-06-05 00:00:00+00:00,2023-06-06,32.6195,77.05,42.34,231.21,0.2,-231.0,44.2962,509.04,706.87,35.9194,0.0001,-,C,0.52,73.64,,CZ
Czech Republic,CZ,CZ,2023-06-07 12:20:08,2023-06-06 00:00:00+00:00,2023-06-07,32.835,77.05,42.62,221.74,5.1,-216.7,44.2962,509.04,706.87,35.9194,0.0001,-,C,0.49,74.13,,CZ
Czech Republic,CZ,CZ,2023-06-08 09:00:12,2023-06-07 00:00:00+00:00,2023-06-08,33.0055,77.05,42.84,171.95,0.3,-171.6,44.2962,509.04,706.87,35.9194,0.0001,-,C,0.38,74.51,,CZ
Czech Republic,CZ,CZ,2023-06-09 09:00:33,2023-06-08 00:00:00+00:00,2023-06-09,33.2039,77.05,43.09,199.54,0.2,-199.4,44.2962,509.04,706.87,35.9194,0.0001,-,C,0.45,74.96,,CZ
Czech Republic,CZ,CZ,2023-06-10 09:00:10,2023-06-09 00:00:00+00:00,2023-06-10,33.4218,77.05,43.38,219.22,0.1,-219.1,44.2962,509.04,706.87,35.9194,0.0001,-,C,0.49,75.45,,CZ
Czech Republic,CZ,CZ,2023-06-11 10:10:40,2023-06-10 00:00:00+00:00,2023-06-11,33.663,77.05,43.69,242.48,0.1,-242.4,44.2962,509.04,706.87,35.9194,0.0001,-,C,0.54,76.0,,CZ
Czech Republic,CZ,CZ,2023-06-12 10:00:18,2023-06-11 00:00:00+00:00,2023-06-12,33.9032,77.05,44.0,241.42,0.2,-241.3,44.2962,509.04,706.87,35.9194,0.0001,-,C,0.54,76.54,,CZ
Czech Republic,CZ,CZ,2023-06-13 09:00:48,2023-06-12 00:00:00+00:00,2023-06-13,34.1134,77.05,44.27,211.52,0.2,-211.4,44.2962,509.04,706.87,35.9194,0.0001,-,C,0.47,77.01,,CZ
Czech Republic,CZ,CZ,2023-06-14 09:00:10,2023-06-13 00:00:00+00:00,2023-06-14,34.3208,77.05,44.54,208.58,0.2,-208.4,44.2962,509.04,706.87,35.9194,0.0001,-,C,0.47,77.48,,CZ
Czech Republic,CZ,CZ,2023-06-15 10:35:17,2023-06-14 00:00:00+00:00,2023-06-15,34.5356,77.05,44.82,215.91,0.2,-215.7,44.2962,509.04,706.87,35.9194,0.0001,-,C,0.48,77.97,,CZ
Czech Republic,CZ,CZ,2023-06-16 09:00:53,2023-06-15 00:00:00+00:00,2023-06-16,34.7078,77.05,45.05,174.08,1.0,-173.1,44.2962,509.04,706.87,35.9194,0.0001,-,C,0.39,78.35,,CZ
Czech Republic,CZ,CZ,2023-06-17 09:00:21,2023-06-16 00:00:00+00:00,2023-06-17,34.9021,77.05,45.3,195.42,0.2,-195.3,44.2962,509.04,706.87,35.9194,0.0001,-,C,0.44,78.79,,CZ
Czech Republic,CZ,CZ,2023-06-18 09:15:03,2023-06-17 00:00:00+00:00,2023-06-18,35.1188,77.05,45.58,217.55,0.1,-217.4,44.2962,509.04,706.87,35.9194,0.0001,-,C,0.49,79.28,,CZ
Czech Republic,CZ,CZ,2023-06-19 09:35:06,2023-06-18 00:00:00+00:00,2023-06-19,35.3321,77.05,45.86,214.24,0.1,-214.1,44.2962,509.04,706.87,35.9194,0.0001,-,C,0.48,79.76,,CZ
Czech Republic,CZ,CZ,2023-06-20 14:05:03,2023-06-19 00:00:00+00:00,2023-06-20,35.5233,77.05,46.1,192.08,0.1,-191.9,44.2962,509.04,706.87,35.9194,0.0001,-,C,0.43,80.19,,CZ
Czech Republic,CZ,CZ,2023-06-21 09:00:36,2023-06-20 00:00:00+00:00,2023-06-21,35.7279,77.05,46.37,205.57,0.2,-205.4,44.2962,509.04,706.87,35.9194,0.0001,-,C,0.46,80.66,,CZ
Czech Republic,CZ,CZ,2023-06-22 09:00:36,2023-06-21 00:00:00+00:00,2023-06-22,35.9068,77.05,46.6,179.75,0.2,-179.6,44.2962,509.04,706.87,35.9194,0.0001,-,C,0.4,81.06,,CZ
Czech Republic,CZ,CZ,2023-06-23 09:00:10,2023-06-22 00:00:00+00:00,2023-06-23,36.0599,77.05,46.8,153.88,0.2,-153.7,44.2962,509.04,706.87,35.9194,0.0001,-,C,0.35,81.41,,CZ
Czech Republic,CZ,CZ,2023-06-24 09:00:11,2023-06-23 00:00:00+00:00,2023-06-24,36.2569,77.05,47.06,191.91,0.1,-191.8,44.2962,509.04,706.87,35.9194,0.0001,-,C,0.44,81.85,,CZ
Czech Republic,CZ,CZ,2023-06-25 09:00:10,2023-06-24 00:00:00+00:00,2023-06-25,36.4751,77.05,47.34,219.65,0.7,-219.0,44.2962,509.04,706.87,35.9194,0.0001,-,C,0.49,82.34,,CZ
Czech Republic,CZ,CZ,2023-06-26 09:00:10,2023-06-25 00:00:00+00:00,2023-06-26,36.6896,77.05,47.62,215.34,0.2,-215.2,44.2962,509.04,706.87,35.9194,0.0001,-,C,0.48,82.83,,CZ
Czech Republic,CZ,CZ,2023-06-27 09:00:10,2023-06-26 00:00:00+00:00,2023-06-27,36.8829,77.05,47.87,191.06,0.2,-190.9,44.2962,509.04,706.87,35.9194,0.0001,-,C,0.44,83.26,,CZ
Czech Republic,CZ,CZ,2023-06-28 09:00:11,2023-06-27 00:00:00+00:00,2023-06-28,37.0624,77.05,48.1,181.98,1.7,-180.3,44.2962,509.04,706.87,35.9194,0.0001,-,C,0.41,83.67,,CZ
Czech Republic,CZ,CZ,2023-06-29 09:10:07,2023-06-28 00:00:00+00:00,2023-06-29,37.2565,77.05,48.35,196.88,2.1,-194.8,44.2962,509.04,706.87,35.9194,0.0001,-,C,0.44,84.11,,CZ
Czech Republic,CZ,CZ,2023-06-30 10:15:09,2023-06-29 00:00:00+00:00,2023-06-30,37.4155,77.05,48.56,182.22,22.4,-159.9,44.2962,509.04,706.87,35.9194,0.0001,-,C,0.36,84.47,,CZ
Czech Republic,CZ,CZ,2023-07-01 09:00:11,2023-06-30 00:00:00+00:00,2023-07-01,37.5793,77.05,48.77,197.56,22.3,-175.3,44.4012,509.04,706.87,35.9194,0.0001,-,C,0.37,84.64,,CZ
Germany,DE,DE,2026-08-20 04:53:06,2023-06-01 00:00:00+00:00,2023-06-02,187.8107,870.55,21.57,465.92,43.6,-422.3,249.8902,4284.57,6931.22,236.4597,5.304,-,E,0.17,75.16,,DE
Germany,DE,DE,2023-09-14 16:50:33,2023-06-02 00:00:00+00:00,2023-06-03,188.4882,870.55,21.65,497.28,24.6,-472.7,250.8004,4285.02,6931.78,237.3699,5.304,-,C,0.27,75.15,,DE
Germany,DE,DE,2023-09-14 16:50:33,2023-06-03 00:00:00+00:00,2023-06-04,189.1701,870.55,21.73,690.23,8.3,-681.9,250.8004,4286.17,6931.78,237.3699,5.304,-,C,0.27,75.43,,DE
Germany,DE,DE,2023-09-14 16:50:33,2023-06-04 00:00:00+00:00,2023-06-05,189.8525,870.55,21.81,688.83,23.6,-665.2,250.8004,4286.17,6931.78,237.3699,5.304,-,C,0.27,75.7,,DE
Germany,DE,DE,2023-09-14 16:50:33,2023-06-05 00:00:00+00:00,2023-06-06,190.2449,870.55,21.85,431.14,33.4,-397.7,250.8206,4255.3,6791.75,240.8745,1.8197,-,C,0.16,75.85,,DE
Germany,DE,DE,2023-09-14 16:50:33,2023-06-06 00:00:00+00:00,2023-06-07,190.5461,870.55,21.89,350.16,47.3,-302.8,250.8206,4255.3,6798.87,240.8745,1.8197,-,C,0.12,75.97,,DE
Germany,DE,DE,2023-09-14 16:50:33,2023-06-07 00:00:00+00:00,2023-06-08,190.7325,870.55,21.91,227.4,46.0,-181.4,250.8206,4255.3,6798.87,240.8745,1.8197,-,C,0.07,76.04,,DE
Germany,DE,DE,2023-09-14 16:50:33,2023-06-08 00:00:00+00:00,2023-06-09,191.1828,870.55,21.96,461.64,4.8,-456.8,250.8206,4255.3,6798.87,240.8745,1.8197,-,C,0.18,76.22,,DE
Germany,DE,DE,2023-09-14 16:50:33,2023-06-09 00:00:00+00:00,2023-06-10,191.7343,870.55,22.02,560.57,9.5,-551.1,250.8206,4265.65,6811.64,240.8745,1.8197,-,C,0.22,76.44,,DE
Germany,DE,DE,2023-09-14 16:50:33,2023-06-10 00:00:00+00:00,2023-06-11,192.6374,870.55,22.13,909.45,6.9,-902.6,250.8206,4270.01,6811.64,240.8745,1.8197,-,C,0.36,76.8,,DE
Germany,DE,DE,2023-09-14 16:50:33,2023-06-11 00:00:00+00:00,2023-06-12,193.5399,870.55,22.23,909.87,6.8,-903.1,250.8206,4270.01,6811.64,240.8745,1.8197,-,C,0.36,77.16,,DE
Germany,DE,DE,2023-09-14 16:50:33,2023-06-12 00:00:00+00:00,2023-06-13,194.0962,870.55,22.3,627.33,71.0,-556.3,250.8206,4270.01,6811.64,240.8745,1.8197,-,C,0.22,77.38,,DE
Germany,DE,DE,2023-09-14 16:50:33,2023-06-13 00:00:00+00:00,2023-06-14,194.7415,870.55,22.37,582.83,4.4,-578.4,250.8206,4265.64,6811.64,240.8745,1.8197,-,C,0.26,77.64,,DE
Germany,DE,DE,2023-09-14 16:50:33,2023-06-14 00:00:00+00:00,2023-06-15,195.1609,870.55,22.42,455.46,37.5,-418.0,250.8206,4265.64,6811.64,240.8745,1.8197,-,C,0.17,77.81,,DE
Germany,DE,DE,2023-09-14 16:50:33,2023-06-15 00:00:00+00:00,2023-06-16,195.477,870.55,22.45,344.04,28.7,-315.4,250.8206,4265.64,6811.64,240.8745,1.8197,-,C,0.13,77.93,,DE
Germany,DE,DE,2023-09-14 16:50:33,2023-06-16 00:00:00+00:00,2023-06-17,195.9238,870.55,22.51,467.32,20.6,-446.8,250.8206,4265.64,6811.64,240.8745,1.8197,-,C,0.18,78.11,,DE
Germany,DE,DE,2023-09-14 16:50:33,2023-06-17 00:00:00+00:00,2023-06-18,196.4765,870.55,22.57,646.65,93.9,-552.7,250.8206,4265.64,6811.64,240.8745,1.8197,-,C,0.22,78.33,,DE
Germany,DE,DE,2023-09-14 16:50:33,2023-06-18 00:00:00+00:00,2023-06-19,197.3132,870.55,22.67,842.92,6.2,-836.7,250.8206,4265.64,6811.64,240.8745,1.8197,-,C,0.33,78.67,,DE
Germany,DE,DE,2023-09-14 16:50:33,2023-06-19 00:00:00+00:00,2023-06-20,197.6774,870.55,22.71,385.24,21.1,-364.1,250.8206,4265.64,6811.64,240.8745,1.8197,-,C,0.15,78.81,,DE
Germany,DE,DE,2023-09-14 16:50:33,2023-06-20 00:00:00+00:00,2023-06-21,197.9206,870.55,22.74,275.97,29.1,-246.9,250.8206,4265.64,6811.64,240.8745,1.8197,-,C,0.1,78.91,,DE
Germany,DE,DE,2023-09-14 16:50:33,2023-06-21 00:00:00+00:00,2023-06-22,198.0403,870.55,22.75,225.49,105.8,-119.7,250.8206,4265.64,6811.64,240.8745,1.8197,-,C,0.05,78.96,,DE
Germany,DE,DE,2023-09-14 16:50:34,2023-06-22 00:00:00+00:00,2023-06-23,198.0557,870.55,22.75,100.43,85.0,-15.4,250.8206,4265.64,6811.64,240.8745,1.8197,-,C,0.01,78.96,,DE
Germany,DE,DE,2023-09-14 16:50:34,2023-06-23 00:00:00+00:00,2023-06-24,198.2859,870.55,22.78,249.1,18.9,-230.2,250.8206,4265.64,6811.64,240.9353,1.7589,-,C,0.09,79.05,,DE
Germany,DE,DE,2023-09-14 16:50:34,2023-06-24 00:00:00+00:00,2023-06-25,199.0265,870.55,22.86,746.22,5.6,-740.6,250.8206,4265.64,6811.64,240.9409,1.7533,-,C,0.3,79.35,,DE
Germany,DE,DE,2023-09-14 16:50:34,2023-06-25 00:00:00+00:00,2023-06-26,199.7249,870.55,22.94,718.61,20.2,-698.4,250.8206,4265.64,6811.64,240.9466,1.7476,-,C,0.28,79.63,,DE
Germany,DE,DE,2023-09-14 16:50:34,2023-06-26 00:00:00+00:00,2023-06-27,200.2198,870.55,23.0,533.79,38.9,-494.9,250.8206,4265.64,6811.64,240.9522,1.742,-,C,0.2,79.83,,DE
Germany,DE,DE,2023-09-14 16:50:34,2023-06-27 00:00:00+00:00,2023-06-28,200.4089,870.55,23.02,227.56,38.2,-189.3,250.8206,4265.64,6811.64,240.9578,1.7363,-,C,0.08,79.9,,DE
Germany,DE,DE,2023-09-14 16:50:34,2023-06-28 00:00:00+00:00,2023-06-29,200.4393,870.55,23.02,102.72,72.3,-30.4,250.8206,4265.64,6811.64,240.9635,1.7307,-,C,0.01,79.91,,DE
Germany,DE,DE,2023-09-14 16:50:34,2023-06-29 00:00:00+00:00,2023-06-30,200.5013,870.55,23.03,118.75,56.7,-62.0,250.8206,4265.64,6811.64,241.4191,1.2751,-,C,0.02,79.94,,DE
Germany,DE,DE,2023-09-14 16:50:34,2023-06-30 00:00:00+00:00,2023-07-01,200.7565,870.55,23.06,276.85,21.7,-255.2,250.8206,4265.64,6811.64,241.4248,1.2694,-,C,0.1,80.04,,DE
Spain,ES,ES,2023-06-02 10:58:41,2023-06-01 00:00:00+00:00,2023-06-02,32.2346,336.95,9.57,69.54,0.0,-69.5,34.0904,166.57,241.37,-,-,-,C,0.2,94.56,,ES
Spain,ES,ES,2023-06-05 11:17:32,2023-06-02 00:00:00+00:00,2023-06-03,32.3035,336.95,9.59,68.87,0.0,-68.9,34.0904,166.57,241.37,-,-,-,C,0.2,94.76,,ES
Spain,ES,ES,2023-06-05 11:19:34,2023-06-03 00:00:00+00:00,2023-06-04,32.3722,336.95,9.61,68.68,0.0,-68.7,34.0904,166.57,241.37,-,-,-,C,0.2,94.96,,ES
Spain,ES,ES,2023-06-05 11:20:37,2023-06-04 00:00:00+00:00,2023-06-05,32.4408,336.95,9.63,68.63,0.0,-68.6,34.0904,166.57,241.37,-,-,-,C,0.2,95.16,,ES
Spain,ES,ES,2023-06-06 10:42:12,2023-06-05 00:00:00+00:00,2023-06-06,32.5088,336.95,9.65,67.99,0.0,-68.0,34.0904,166.57,241.37,-,-,-,C,0.2,95.36,,ES
Spain,ES,ES,2023-06-07 10:53:01,2023-06-06 00:00:00+00:00,2023-06-07,32.5755,336.95,9.67,66.73,0.0,-66.7,34.0904,166.57,241.37,-,-,-,C,0.2,95.56,,ES
Spain,ES,ES,2023-06-08 10:46:28,2023-06-07 00:00:00+00:00,2023-06-08,32.6084,336.95,9.68,32.81,0.0,-32.8,34.0904,166.57,241.37,-,-,-,C,0.1,95.65,,ES
Spain,ES,ES,2023-06-09 10:48:06,2023-06-08 00:00:00+00:00,2023-06-09,32.6493,336.95,9.69,40.93,0.0,-40.9,34.0904,166.57,241.37,-,-,-,C,0.12,95.77,,ES
Spain,ES,ES,2023-06-12 11:20:32,2023-06-09 00:00:00+00:00,2023-06-10,32.7156,336.95,9.71,66.31,0.0,-66.3,34.0904,166.57,241.37,-,-,-,C,0.19,95.97,,ES
Spain,ES,ES,2023-06-12 11:21:57,2023-06-10 00:00:00+00:00,2023-06-11,32.7824,336.95,9.73,66.79,0.0,-66.8,34.0904,166.57,241.37,-,-,-,C,0.2,96.16,,ES
Spain,ES,ES,2023-06-12 11:22:57,2023-06-11 00:00:00+00:00,2023-06-12,32.8485,336.95,9.75,66.15,0.0,-66.2,34.0904,166.57,241.37,-,-,-,C,0.19,96.36,,ES
Spain,ES,ES,2023-06-13 10:47:25,2023-06-12 00:00:00+00:00,2023-06-13,32.8726,336.95,9.76,24.1,0.0,-24.1,34.0904,166.57,241.37,-,-,-,C,0.07,96.43,,ES
Spain,ES,ES,2023-06-14 11:17:02,2023-06-13 00:00:00+00:00,2023-06-14,32.8908,336.95,9.76,18.13,0.0,-18.1,34.0904,166.57,241.37,-,-,-,C,0.05,96.48,,ES
Spain,ES,ES,2023-06-16 11:04:40,2023-06-14 00:00:00+00:00,2023-06-15,32.9093,336.95,9.77,18.55,0.0,-18.5,34.0904,166.57,241.37,-,-,-,C,0.05,96.54,,ES
Spain,ES,ES,2023-06-20 12:13:00,2023-06-15 00:00:00+00:00,2023-06-16,32.9271,336.95,9.77,17.81,0.0,-17.8,34.0904,166.57,241.37,-,-,-,C,0.05,96.59,,ES
Spain,ES,ES,2023-06-20 12:14:47,2023-06-16 00:00:00+00:00,2023-06-17,32.9448,336.95,9.78,17.73,0.0,-17.7,34.0904,166.57,241.37,-,-,-,C,0.05,96.64,,ES
Spain,ES,ES,2023-06-20 10:59:56,2023-06-17 00:00:00+00:00,2023-06-18,32.9629,336.95,9.78,18.05,0.0,-18.0,34.0904,166.57,241.37,-,-,-,C,0.05,96.69,,ES
Spain,ES,ES,2023-06-20 11:01:30,2023-06-18 00:00:00+00:00,2023-06-19,32.9816,336.95,9.79,18.67,0.0,-18.7,34.0904,166.57,241.37,-,-,-,C,0.05,96.75,,ES
Spain,ES,ES,2023-06-20 11:03:08,2023-06-19 00:00:00+00:00,2023-06-20,32.9993,336.95,9.79,17.69,0.0,-17.7,34.0904,166.57,241.37,-,-,-,C,0.05,96.8,,ES
Spain,ES,ES,2023-06-22 11:34:18,2023-06-20 00:00:00+00:00,2023-06-21,33.0151,336.95,9.8,15.86,0.0,-15.9,34.0904,166.57,241.37,-,-,-,C,0.05,96.85,,ES
Spain,ES,ES,2023-06-22 11:35:32,2023-06-21 00:00:00+00:00,2023-06-22,33.0315,336.95,9.8,16.42,0.0,-16.4,34.0904,166.57,241.37,-,-,-,C,0.05,96.89,,ES
Spain,ES,ES,2023-06-23 11:16:47,2023-06-22 00:00:00+00:00,2023-06-23,33.0497,336.95,9.81,18.16,0.0,-18.2,34.0904,166.57,241.37,-,-,-,C,0.05,96.95,,ES
Spain,ES,ES,2023-06-26 11:06:17,2023-06-23 00:00:00+00:00,2023-06-24,33.0677,336.95,9.81,18.0,0.0,-18.0,34.0904,166.57,241.37,-,-,-,C,0.05,97.0,,ES
Spain,ES,ES,2023-06-26 11:08:11,2023-06-24 00:00:00+00:00,2023-06-25,33.0853,336.95,9.82,17.65,0.0,-17.7,34.0904,166.57,241.37,-,-,-,C,0.05,97.05,,ES
Spain,ES,ES,2023-06-26 11:09:35,2023-06-25 00:00:00+00:00,2023-06-26,33.1026,336.95,9.82,17.3,0.0,-17.3,34.0904,166.57,241.37,-,-,-,C,0.05,97.1,,ES
Spain,ES,ES,2023-06-27 10:51:18,2023-06-26 00:00:00+00:00,2023-06-27,33.1468,336.95,9.84,44.13,0.0,-44.1,34.0904,166.57,241.37,-,-,-,C,0.13,97.23,,ES
Spain,ES,ES,2023-06-28 10:47:11,2023-06-27 00:00:00+00:00,2023-06-28,33.1993,336.95,9.85,52.55,0.0,-52.6,34.0904,166.57,241.37,-,-,-,C,0.15,97.39,,ES
Spain,ES,ES,2023-06-29 10:43:54,2023-06-28 00:00:00+00:00,2023-06-29,33.2508,336.95,9.87,51.46,0.0,-51.5,34.0904,166.57,241.37,-,-,-,C,0.15,97.54,,ES
Spain,ES,ES,2023-06-30 10:59:25,2023-06-29 00:00:00+00:00,2023-06-30,33.303,336.95,9.88,52.16,0.0,-52.2,34.0904,166.57,241.37,-,-,-,C,0.15,97.69,,ES
Spain,ES,ES,2023-07-03 11:32:57,2023-06-30 00:00:00+00:00,2023-07-01,33.3433,336.95,9.9,40.37,0.0,-40.4,34.0904,166.57,241.37,-,-,-,C,0.12,97.81,,ES
EU,eu,eu,2026-08-20 04:53:06,2023-06-01 00:00:00+00:00,2023-06-02,780.5664,3496.7,22.32,3115.13,480.4,-2634.7,1130.358,11956.12,19979.99,1036.0741,38.7422,-,E,0.24,69.05,,EU
EU,eu,eu,2024-10-15 14:24:56,2023-06-02 00:00:00+00:00,2023-06-03,784.0648,3496.7,22.42,3401.02,181.9,-3219.1,1129.2682,11956.57,19980.55,1035.1088,36.0779,-,C,0.31,69.43,,EU
EU,eu,eu,2024-10-15 14:24:34,2023-06-03 00:00:00+00:00,2023-06-04,787.9565,3496.7,22.53,3885.61,82.5,-3803.1,1129.2682,11957.53,19981.04,1035.2689,35.5738,-,C,0.34,69.78,,EU
EU,eu,eu,2024-10-15 14:25:20,2023-06-04 00:00:00+00:00,2023-06-05,791.9009,3496.7,22.65,3941.58,106.3,-3835.2,1129.2682,11957.3,19981.64,1035.2689,35.2298,-,C,0.35,70.13,,EU
EU,eu,eu,2024-10-15 14:25:40,2023-06-05 00:00:00+00:00,2023-06-06,794.5259,3496.7,22.72,2855.61,322.8,-2532.8,1129.2884,11926.13,19842.41,1038.7735,31.4044,-,C,0.23,70.36,,EU
EU,eu,eu,2024-10-15 14:26:11,2023-06-06 00:00:00+00:00,2023-06-07,796.8271,3496.7,22.79,2576.09,374.4,-2201.7,1129.2884,11926.03,19849.79,1038.8157,31.0202,-,C,0.2,70.56,,EU
EU,eu,eu,2024-10-15 14:26:58,2023-06-07 00:00:00+00:00,2023-06-08,799.0241,3496.7,22.85,2355.12,224.1,-2131.0,1129.2884,11916.07,19820.19,1038.9089,30.6167,-,C,0.19,70.75,,EU
EU,eu,eu,2024-10-15 14:26:40,2023-06-08 00:00:00+00:00,2023-06-09,801.9967,3496.7,22.94,3048.15,163.5,-2884.7,1129.2884,11925.0,19852.5,1038.9547,30.2077,-,C,0.26,71.02,,EU
EU,eu,eu,2024-10-15 14:25:55,2023-06-09 00:00:00+00:00,2023-06-10,805.4832,3496.7,23.04,3582.35,197.1,-3385.2,1129.2884,11935.21,19865.65,1038.9976,29.8017,-,C,0.31,71.33,,EU
EU,eu,eu,2024-10-15 14:26:26,2023-06-10 00:00:00+00:00,2023-06-11,809.6492,3496.7,23.15,4254.89,121.7,-4133.2,1129.2884,11939.32,19866.33,1039.0172,29.5496,-,C,0.37,71.7,,EU
EU,eu,eu,2024-10-15 14:27:16,2023-06-11 00:00:00+00:00,2023-06-12,813.9668,3496.7,23.28,4319.46,99.4,-4220.0,1129.2884,11938.92,19867.38,1039.0172,29.3393,-,C,0.38,72.08,,EU
EU,eu,eu,2024-10-15 14:27:30,2023-06-12 00:00:00+00:00,2023-06-13,817.2673,3496.7,23.37,3405.14,250.6,-3154.5,1129.2884,11938.52,19868.44,1039.0172,29.0118,-,C,0.29,72.37,,EU
EU,eu,eu,2024-10-15 14:27:42,2023-06-13 00:00:00+00:00,2023-06-14,820.6397,3496.7,23.47,3426.96,154.1,-3272.9,1129.2884,11973.87,19869.17,1039.1512,28.521,-,C,0.3,72.67,,EU
EU,eu,eu,2024-10-15 14:28:04,2023-06-14 00:00:00+00:00,2023-06-15,823.7153,3496.7,23.56,3209.54,268.1,-2941.5,1129.2884,11964.69,19837.52,1039.2069,28.1588,-,C,0.27,72.94,,EU
EU,eu,eu,2024-10-15 14:28:24,2023-06-15 00:00:00+00:00,2023-06-16,826.5071,3496.7,23.64,3013.65,320.9,-2692.7,1129.2884,11987.52,19870.02,1039.9222,27.0872,-,C,0.25,73.19,,EU
EU,eu,eu,2024-10-15 14:28:34,2023-06-16 00:00:00+00:00,2023-06-17,829.7424,3496.7,23.73,3368.1,228.1,-3140.0,1129.2884,11987.52,19870.03,1039.9222,26.7311,-,C,0.29,73.47,,EU
EU,eu,eu,2024-10-15 14:27:53,2023-06-17 00:00:00+00:00,2023-06-18,833.434,3496.7,23.83,3803.53,209.7,-3593.9,1129.2884,11987.2,19870.88,1040.0496,26.2478,-,C,0.33,73.8,,EU
EU,eu,eu,2024-10-15 14:28:45,2023-06-18 00:00:00+00:00,2023-06-19,837.7829,3496.7,23.96,4298.59,60.5,-4238.1,1129.2884,11946.95,19871.53,1040.0496,25.9061,-,C,0.39,74.19,,EU
EU,eu,eu,2024-10-15 14:28:15,2023-06-19 00:00:00+00:00,2023-06-20,840.7602,3496.7,24.04,3032.48,139.1,-2893.4,1129.2884,11946.66,19872.3,1040.0496,25.5541,-,C,0.26,74.45,,EU
EU,eu,eu,2024-10-15 14:29:15,2023-06-20 00:00:00+00:00,2023-06-21,843.9519,3496.7,24.14,2643.43,405.0,-2238.4,1129.2884,11946.49,19872.75,1040.0977,25.1708,-,C,0.28,74.73,,EU
EU,eu,eu,2024-10-15 14:29:27,2023-06-21 00:00:00+00:00,2023-06-22,845.078,3496.7,24.17,2489.63,549.6,-1940.0,1129.2884,11937.36,19840.97,1201.0193,-136.0528,-,C,0.1,74.83,,EU
EU,eu,eu,2024-10-15 14:29:05,2023-06-22 00:00:00+00:00,2023-06-23,846.7646,3496.7,24.22,2205.79,610.1,-1595.7,1129.2884,11946.21,19873.49,1040.3977,24.2169,-,C,0.15,74.98,,EU
EU,eu,eu,2024-10-15 14:28:55,2023-06-23 00:00:00+00:00,2023-06-24,849.46,3496.7,24.29,2825.75,281.9,-2543.8,1129.2884,11946.09,19873.81,1040.596,23.6666,-,C,0.24,75.22,,EU
EU,eu,eu,2024-10-15 14:29:37,2023-06-24 00:00:00+00:00,2023-06-25,853.5544,3496.7,24.41,4093.82,120.9,-3973.0,1129.2884,11945.9,19874.32,1040.7,23.2269,-,C,0.36,75.58,,EU
EU,eu,eu,2024-10-15 14:29:48,2023-06-25 00:00:00+00:00,2023-06-26,857.5833,3496.7,24.53,4018.67,113.7,-3904.9,1129.3964,11986.38,19876.95,1040.6701,23.1593,-,C,0.36,75.93,,EU
EU,eu,eu,2024-10-15 14:30:00,2023-06-26 00:00:00+00:00,2023-06-27,860.6019,3496.7,24.61,3215.51,275.1,-2940.4,1129.2884,11985.33,19875.8,1040.7583,22.6436,-,C,0.27,76.21,,EU
EU,eu,eu,2024-10-15 14:30:17,2023-06-27 00:00:00+00:00,2023-06-28,863.0523,3496.7,24.68,2831.77,426.7,-2405.0,1129.2884,11985.11,19876.4,1040.8056,22.2818,-,C,0.22,76.42,,EU
EU,eu,eu,2024-10-15 14:31:12,2023-06-28 00:00:00+00:00,2023-06-29,865.28,3496.7,24.75,2659.3,461.9,-2197.4,1129.2884,11975.87,19844.9,1040.8532,21.8843,-,C,0.2,76.62,,EU
EU,eu,eu,2024-10-15 14:30:37,2023-06-29 00:00:00+00:00,2023-06-30,867.551,3496.7,24.81,2660.43,420.9,-2239.6,1129.2884,11984.74,19877.36,1041.3506,21.037,-,C,0.2,76.82,,EU
EU,eu,eu,2024-10-15 14:30:56,2023-06-30 00:00:00+00:00,2023-07-01,870.491,3496.7,24.89,3172.9,269.4,-2903.5,1129.3614,11984.62,19877.68,1042.2024,19.8031,-,C,0.26,77.08,,EU
France,FR,FR,2024-04-01 08:23:39,2023-06-01 00:00:00+00:00,2023-06-02,69.0964,389.85,17.72,409.97,195.7,-214.2,131.8572,1133.59,2498.51,129.1842,2.1743,-,C,0.16,52.4,,FR
France,FR,FR,2024-04-01 08:26:51,2023-06-02 00:00:00+00:00,2023-06-03,69.5249,389.85,17.83,468.08,39.6,-428.5,131.8572,1133.59,2498.51,129.1842,2.1743,-,C,0.32,52.73,,FR
France,FR,FR,2024-04-01 08:30:04,2023-06-03 00:00:00+00:00,2023-06-04,70.1247,389.85,17.99,631.48,31.7,-599.8,131.8572,1133.59,2498.51,129.1842,2.1743,-,C,0.45,53.18,,FR
France,FR,FR,2024-04-01 08:33:32,2023-06-04 00:00:00+00:00,2023-06-05,70.7612,389.85,18.15,671.89,35.4,-636.5,131.8572,1133.59,2498.51,129.1842,2.1743,-,C,0.48,53.67,,FR
France,FR,FR,2024-04-01 08:36:49,2023-06-05 00:00:00+00:00,2023-06-06,71.0853,389.85,18.23,452.65,128.6,-324.1,131.8572,1133.59,2498.51,129.1842,2.1743,-,C,0.25,53.91,,FR
France,FR,FR,2024-04-01 08:39:56,2023-06-06 00:00:00+00:00,2023-06-07,71.3674,389.85,18.31,415.63,133.4,-282.2,131.8572,1133.59,2498.51,129.1842,2.1743,-,C,0.21,54.12,,FR
France,FR,FR,2024-04-01 08:43:06,2023-06-07 00:00:00+00:00,2023-06-08,71.5739,389.85,18.36,355.11,148.7,-206.4,131.8572,1133.59,2498.51,129.1842,2.1743,-,C,0.16,54.28,,FR
France,FR,FR,2024-04-01 08:46:29,2023-06-08 00:00:00+00:00,2023-06-09,71.956,389.85,18.46,458.3,76.2,-382.1,131.8572,1133.59,2498.51,129.1842,2.1743,-,C,0.29,54.57,,FR
France,FR,FR,2024-04-01 08:49:28,2023-06-09 00:00:00+00:00,2023-06-10,72.5306,389.85,18.6,683.37,108.8,-574.6,131.8572,1133.59,2498.51,129.1842,2.1743,-,C,0.44,55.01,,FR
France,FR,FR,2023-06-11 11:45:02,2023-06-10 00:00:00+00:00,2023-06-11,73.2194,389.85,18.78,801.87,54.4,-747.5,131.8572,1133.59,2498.51,129.1842,2.1743,-,C,0.52,55.53,,FR
France,FR,FR,2023-06-12 11:45:10,2023-06-11 00:00:00+00:00,2023-06-12,74.025,389.85,18.99,835.2,29.5,-805.7,131.8572,1133.59,2498.51,129.1842,2.1743,-,C,0.61,56.14,,FR
France,FR,FR,2024-03-28 12:08:29,2023-06-12 00:00:00+00:00,2023-06-13,74.6239,389.85,19.14,581.49,35.8,-545.7,131.8572,1133.59,2498.51,129.1842,2.1743,-,C,0.45,56.59,,FR
France,FR,FR,2023-06-14 11:45:53,2023-06-13 00:00:00+00:00,2023-06-14,75.151,389.85,19.28,608.23,30.8,-577.5,131.8572,1133.59,2498.51,129.1842,2.1743,-,C,0.4,56.99,,FR
France,FR,FR,2024-03-28 12:11:47,2023-06-14 00:00:00+00:00,2023-06-15,75.7417,389.85,19.43,604.01,60.9,-543.2,131.8572,1133.59,2498.51,129.1842,2.1743,-,C,0.45,57.44,,FR
France,FR,FR,2024-03-28 12:15:26,2023-06-15 00:00:00+00:00,2023-06-16,76.1789,389.85,19.54,555.76,118.6,-437.2,131.8572,1133.59,2498.51,129.1842,2.1743,-,C,0.33,57.77,,FR
France,FR,FR,2024-03-28 12:18:17,2023-06-16 00:00:00+00:00,2023-06-17,76.6998,389.85,19.67,596.05,75.1,-521.0,131.8572,1133.59,2498.51,129.1842,2.1743,-,C,0.4,58.17,,FR
France,FR,FR,2024-04-01 08:53:00,2023-06-17 00:00:00+00:00,2023-06-18,77.3386,389.85,19.84,677.96,39.1,-638.8,131.8572,1133.59,2498.51,129.1842,2.1743,-,C,0.48,58.65,,FR
France,FR,FR,2024-04-01 08:55:43,2023-06-18 00:00:00+00:00,2023-06-19,78.0112,389.85,20.01,696.89,24.3,-672.6,131.8572,1133.59,2498.51,129.1842,2.1743,-,C,0.51,59.16,,FR
France,FR,FR,2024-04-01 08:58:33,2023-06-19 00:00:00+00:00,2023-06-20,78.5001,389.85,20.14,545.97,57.1,-488.9,131.8572,1133.59,2498.51,129.1842,2.1743,-,C,0.37,59.53,,FR
France,FR,FR,2024-04-01 08:58:56,2023-06-20 00:00:00+00:00,2023-06-21,78.7213,389.85,20.19,433.42,212.1,-221.3,131.8572,1133.59,2498.51,129.1842,2.1743,-,C,0.17,59.7,,FR
France,FR,FR,2024-04-01 09:06:16,2023-06-21 00:00:00+00:00,2023-06-22,78.939,389.85,20.25,420.83,203.2,-217.6,131.8572,1133.59,2498.51,129.1842,2.1743,-,C,0.17,59.87,,FR
France,FR,FR,2024-04-01 09:09:22,2023-06-22 00:00:00+00:00,2023-06-23,78.9063,389.85,20.24,284.34,317.0,32.6,131.8572,1133.59,2498.51,129.1842,2.1743,-,C,-0.02,59.84,,FR
France,FR,FR,2024-04-01 09:13:15,2023-06-23 00:00:00+00:00,2023-06-24,79.1455,389.85,20.3,380.49,141.3,-239.2,131.8572,1133.59,2498.51,129.1842,2.1743,-,C,0.18,60.02,,FR
France,FR,FR,2024-04-01 09:16:29,2023-06-24 00:00:00+00:00,2023-06-25,79.7216,389.85,20.45,606.35,30.3,-576.1,131.8572,1133.59,2498.51,129.1842,2.1743,-,C,0.44,60.46,,FR
France,FR,FR,2024-03-28 12:52:14,2023-06-25 00:00:00+00:00,2023-06-26,80.3159,389.85,20.6,621.68,27.4,-594.3,131.8572,1133.59,2498.51,129.1842,2.1743,-,C,0.45,60.91,,FR
France,FR,FR,2024-03-28 12:55:04,2023-06-26 00:00:00+00:00,2023-06-27,80.5999,389.85,20.67,400.37,134.3,-266.1,131.8572,1133.59,2498.51,129.1842,2.1743,-,C,0.22,61.13,,FR
France,FR,FR,2024-03-28 12:58:00,2023-06-27 00:00:00+00:00,2023-06-28,80.8375,389.85,20.74,461.66,224.1,-237.6,131.8572,1133.59,2498.51,129.1842,2.1743,-,C,0.18,61.31,,FR
France,FR,FR,2024-04-01 09:16:47,2023-06-28 00:00:00+00:00,2023-06-29,81.0342,389.85,20.79,431.95,235.3,-196.6,131.8572,1133.59,2498.51,129.1842,2.1743,-,C,0.15,61.46,,FR
France,FR,FR,2024-04-01 09:19:44,2023-06-29 00:00:00+00:00,2023-06-30,81.2256,389.85,20.84,432.26,240.8,-191.4,131.8572,1133.59,2498.51,129.1842,2.1743,-,C,0.15,61.6,,FR
France,FR,FR,2024-04-01 09:25:21,2023-06-30 00:00:00+00:00,2023-07-01,81.5635,389.85,20.92,492.35,154.5,-337.9,131.8572,1133.59,2498.51,129.1842,2.1743,-,C,0.26,61.86,,FR
Croatia,HR,HR,2023-06-02 11:20:05,2023-06-01 00:00:00+00:00,2023-06-02,3.9448,28.75,13.72,24.78,0.9,-23.9,4.7725,43.87,51.57,4.7725,0,-,C,0.5,82.66,,HR
Croatia,HR,HR,2023-06-03 11:20:05,2023-06-02 00:00:00+00:00,2023-06-03,3.9702,28.75,13.81,28.31,1.1,-27.2,4.7725,43.87,51.57,4.7725,0,-,C,0.53,83.19,,HR
Croatia,HR,HR,2023-06-04 11:20:03,2023-06-03 00:00:00+00:00,2023-06-04,3.9941,28.75,13.89,25.58,1.7,-23.9,4.7725,43.87,51.57,4.7725,0,-,C,0.5,83.69,,HR
Croatia,HR,HR,2023-06-05 11:25:39,2023-06-04 00:00:00+00:00,2023-06-05,4.0161,28.75,13.97,23.15,1.2,-21.9,4.7725,43.87,51.57,4.7725,0,-,C,0.46,84.15,,HR
Croatia,HR,HR,2023-06-06 11:20:07,2023-06-05 00:00:00+00:00,2023-06-06,4.0361,28.75,14.04,21.96,2.0,-20.0,4.7725,43.87,51.57,4.7725,0,-,C,0.42,84.57,,HR
Croatia,HR,HR,2023-06-07 11:20:02,2023-06-06 00:00:00+00:00,2023-06-07,4.0469,28.75,14.08,12.0,1.2,-10.8,4.7725,43.87,51.57,4.7725,0,-,C,0.23,84.8,,HR
Croatia,HR,HR,2023-06-08 11:20:39,2023-06-07 00:00:00+00:00,2023-06-08,4.0581,28.75,14.12,12.52,1.4,-11.2,4.7725,43.87,51.57,4.7725,0,-,C,0.23,85.03,,HR
Croatia,HR,HR,2023-06-09 11:25:06,2023-06-08 00:00:00+00:00,2023-06-09,4.0748,28.75,14.17,19.93,3.2,-16.7,4.7725,43.87,51.57,4.7725,0,-,C,0.35,85.38,,HR
Croatia,HR,HR,2023-06-10 11:25:03,2023-06-09 00:00:00+00:00,2023-06-10,4.0948,28.75,14.24,22.08,2.1,-20.0,4.7725,43.87,51.57,4.7725,0,-,C,0.42,85.8,,HR
Croatia,HR,HR,2023-06-11 11:25:05,2023-06-10 00:00:00+00:00,2023-06-11,4.1148,28.75,14.31,20.68,0.7,-20.0,4.7725,43.87,51.57,4.7725,0,-,C,0.42,86.22,,HR
Croatia,HR,HR,2023-06-12 11:25:03,2023-06-11 00:00:00+00:00,2023-06-12,4.1348,28.75,14.38,20.57,0.6,-20.0,4.7725,43.87,51.57,4.7725,0,-,C,0.42,86.64,,HR
Croatia,HR,HR,2023-06-13 11:15:05,2023-06-12 00:00:00+00:00,2023-06-13,4.1548,28.75,14.45,22.87,2.9,-20.0,4.7725,43.87,51.57,4.7725,0,-,C,0.42,87.06,,HR
Croatia,HR,HR,2023-06-14 11:15:26,2023-06-13 00:00:00+00:00,2023-06-14,4.1746,28.75,14.52,21.02,1.1,-19.9,4.7725,43.87,51.57,4.7725,0,-,C,0.41,87.47,,HR
Croatia,HR,HR,2023-06-15 11:15:03,2023-06-14 00:00:00+00:00,2023-06-15,4.1858,28.75,14.56,12.82,1.6,-11.2,4.7725,43.87,51.57,4.7725,0,-,C,0.23,87.71,,HR
Croatia,HR,HR,2023-06-16 11:15:06,2023-06-15 00:00:00+00:00,2023-06-16,4.2058,28.75,14.63,21.24,1.2,-20.0,4.7725,43.87,51.57,4.7725,0,-,C,0.42,88.13,,HR
Croatia,HR,HR,2023-06-17 11:20:03,2023-06-16 00:00:00+00:00,2023-06-17,4.2258,28.75,14.7,21.1,1.1,-20.0,4.7725,43.87,51.57,4.7725,0,-,C,0.42,88.55,,HR
Croatia,HR,HR,2023-06-18 11:20:02,2023-06-17 00:00:00+00:00,2023-06-18,4.2458,28.75,14.77,22.18,2.2,-20.0,4.7725,43.87,51.57,4.7725,0,-,C,0.42,88.96,,HR
Croatia,HR,HR,2023-06-19 11:20:13,2023-06-18 00:00:00+00:00,2023-06-19,4.2658,28.75,14.84,21.61,1.6,-20.0,4.7725,43.87,51.57,4.7725,0,-,C,0.42,89.38,,HR
Croatia,HR,HR,2023-06-20 11:20:02,2023-06-19 00:00:00+00:00,2023-06-20,4.283,28.75,14.9,18.46,1.3,-17.2,4.7725,43.87,51.57,4.7725,0,-,C,0.36,89.74,,HR
Croatia,HR,HR,2023-06-21 11:20:03,2023-06-20 00:00:00+00:00,2023-06-21,4.2922,28.75,14.93,10.37,1.2,-9.2,4.7725,43.87,51.57,4.7725,0,-,C,0.19,89.94,,HR
Croatia,HR,HR,2023-06-22 11:20:04,2023-06-21 00:00:00+00:00,2023-06-22,4.312,28.75,15.0,21.39,1.6,-19.8,4.7725,43.87,51.57,4.7725,0,-,C,0.41,90.35,,HR
Croatia,HR,HR,2023-06-23 11:20:03,2023-06-22 00:00:00+00:00,2023-06-23,4.3314,28.75,15.07,19.48,0.1,-19.4,4.7725,43.87,51.57,4.7725,0,-,C,0.41,90.76,,HR
Croatia,HR,HR,2023-06-24 11:20:02,2023-06-23 00:00:00+00:00,2023-06-24,4.3425,28.75,15.1,11.88,0.7,-11.2,4.7725,43.87,51.57,4.7725,0,-,C,0.23,90.99,,HR
Croatia,HR,HR,2023-06-25 11:25:05,2023-06-24 00:00:00+00:00,2023-06-25,4.3542,28.75,15.15,12.87,1.2,-11.7,4.7725,43.87,51.57,4.7725,0,-,C,0.25,91.24,,HR
Croatia,HR,HR,2023-06-26 11:25:07,2023-06-25 00:00:00+00:00,2023-06-26,4.3667,28.75,15.19,12.61,0.1,-12.5,4.7725,43.87,51.57,4.7725,0,-,C,0.26,91.5,,HR
Croatia,HR,HR,2023-06-27 11:15:02,2023-06-26 00:00:00+00:00,2023-06-27,4.3757,28.75,15.22,11.57,2.6,-8.9,4.7725,43.87,51.57,4.7725,0,-,C,0.19,91.69,,HR
Croatia,HR,HR,2023-06-28 11:15:29,2023-06-27 00:00:00+00:00,2023-06-28,4.3779,28.75,15.23,6.04,3.8,-2.2,4.7725,43.87,51.57,4.7725,0,-,C,0.05,91.73,,HR
Croatia,HR,HR,2023-06-29 11:15:19,2023-06-28 00:00:00+00:00,2023-06-29,4.383,28.75,15.25,5.24,0.1,-5.1,4.7725,43.87,51.57,4.7725,0,-,C,0.11,91.84,,HR
Croatia,HR,HR,2023-06-30 11:15:07,2023-06-29 00:00:00+00:00,2023-06-30,4.3862,28.75,15.26,4.73,1.6,-3.1,4.7725,43.87,51.57,4.7725,0,-,C,0.07,91.91,,HR
Croatia,HR,HR,2023-07-01 11:15:03,2023-06-30 00:00:00+00:00,2023-07-01,4.3922,28.75,15.28,6.32,0.3,-6.0,4.7725,43.87,51.57,4.7725,0,-,C,0.13,92.03,,HR
Hungary,HU,HU,2023-06-14 09:06:28,2023-06-01 00:00:00+00:00,2023-06-02,38.5502,94.3,40.88,246.74,0.0,-246.7,69.7027,455.22,798.9,69.1781,2.7236,-,C,0.35,55.31,,HU
Hungary,HU,HU,2023-07-05 14:20:54,2023-06-02 00:00:00+00:00,2023-06-03,38.8051,94.3,41.15,254.96,0.0,-255.0,67.7027,455.22,798.9,67.2492,0.4535,-,C,0.38,57.32,,HU
Hungary,HU,HU,2023-07-05 14:20:49,2023-06-03 00:00:00+00:00,2023-06-04,39.0568,94.3,41.42,251.65,0.0,-251.6,67.7027,455.22,798.9,67.2492,0.4535,-,C,0.37,57.69,,HU
Hungary,HU,HU,2023-07-05 14:20:10,2023-06-04 00:00:00+00:00,2023-06-05,39.3037,94.3,41.68,246.94,0.0,-246.9,67.7027,455.22,798.9,67.2492,0.4535,-,C,0.36,58.05,,HU
Hungary,HU,HU,2023-07-05 14:20:26,2023-06-05 00:00:00+00:00,2023-06-06,39.4271,94.3,41.81,123.33,0.0,-123.3,67.7027,455.22,798.9,67.2492,0.4535,-,C,0.18,58.24,,HU
Hungary,HU,HU,2023-07-05 14:21:04,2023-06-06 00:00:00+00:00,2023-06-07,39.5541,94.3,41.94,127.07,0.0,-127.1,67.7027,455.22,798.9,67.2492,0.4535,-,C,0.19,58.42,,HU
Hungary,HU,HU,2023-07-05 14:20:31,2023-06-07 00:00:00+00:00,2023-06-08,39.6721,94.3,42.07,118.02,0.0,-118.0,67.7027,455.22,798.9,67.2492,0.4535,-,C,0.17,58.6,,HU
Hungary,HU,HU,2023-07-05 14:20:34,2023-06-08 00:00:00+00:00,2023-06-09,39.7918,94.3,42.2,119.68,0.0,-119.7,67.7027,455.22,798.9,67.2492,0.4535,-,C,0.18,58.77,,HU
Hungary,HU,HU,2023-07-05 14:21:02,2023-06-09 00:00:00+00:00,2023-06-10,39.9216,94.3,42.33,129.75,0.0,-129.7,67.7027,455.22,798.9,67.2492,0.4535,-,C,0.19,58.97,,HU
Hungary,HU,HU,2023-07-05 14:40:19,2023-06-10 00:00:00+00:00,2023-06-11,40.0497,94.3,42.47,128.12,0.0,-128.1,67.7027,455.22,798.9,67.2492,0.4535,-,C,0.19,59.16,,HU
Hungary,HU,HU,2023-07-05 14:20:03,2023-06-11 00:00:00+00:00,2023-06-12,40.1785,94.3,42.61,128.76,0.0,-128.8,67.7027,455.22,798.9,67.2492,0.4535,-,C,0.19,59.35,,HU
Hungary,HU,HU,2023-07-05 14:40:17,2023-06-12 00:00:00+00:00,2023-06-13,40.3872,94.3,42.83,208.79,0.0,-208.8,67.7027,455.22,798.9,67.2492,0.4535,-,C,0.31,59.65,,HU
Hungary,HU,HU,2023-07-06 05:20:03,2023-06-13 00:00:00+00:00,2023-06-14,40.6095,94.3,43.06,222.29,0.0,-222.3,67.7027,455.22,798.9,67.2492,0.4535,-,C,0.33,59.98,,HU
Hungary,HU,HU,2023-07-06 05:10:03,2023-06-14 00:00:00+00:00,2023-06-15,40.768,94.3,43.23,221.47,63.0,-158.5,67.7027,455.22,798.9,67.2492,0.4535,-,C,0.23,60.22,,HU
Hungary,HU,HU,2023-07-05 18:00:25,2023-06-15 00:00:00+00:00,2023-06-16,41.0028,94.3,43.48,234.84,0.0,-234.8,67.7027,455.22,798.9,67.9645,-0.2618,-,C,0.35,60.56,,HU
Hungary,HU,HU,2023-07-05 18:00:15,2023-06-16 00:00:00+00:00,2023-06-17,41.2916,94.3,43.79,288.75,0.0,-288.7,67.7027,455.22,798.9,67.9645,-0.2618,-,C,0.43,60.99,,HU
Hungary,HU,HU,2023-07-05 18:01:12,2023-06-17 00:00:00+00:00,2023-06-18,41.5927,94.3,44.11,301.12,0.0,-301.1,67.7027,455.22,798.9,67.9645,-0.2618,-,C,0.44,61.43,,HU
Hungary,HU,HU,2023-07-05 18:01:24,2023-06-18 00:00:00+00:00,2023-06-19,41.8875,94.3,44.42,294.86,0.0,-294.9,67.7027,455.22,798.9,67.9645,-0.2618,-,C,0.44,61.87,,HU
Hungary,HU,HU,2023-07-05 18:01:34,2023-06-19 00:00:00+00:00,2023-06-20,42.1737,94.3,44.72,286.13,0.0,-286.1,67.7027,455.22,798.9,67.9645,-0.2618,-,C,0.42,62.29,,HU
Hungary,HU,HU,2023-07-05 19:41:35,2023-06-20 00:00:00+00:00,2023-06-21,42.3557,94.3,44.92,181.99,0.0,-182.0,67.7027,455.22,798.9,67.9645,-0.2618,-,C,0.27,62.56,,HU
Hungary,HU,HU,2023-07-05 19:41:58,2023-06-21 00:00:00+00:00,2023-06-22,42.5378,94.3,45.11,182.16,0.0,-182.2,67.7027,455.22,798.9,228.5861,-160.8835,-,C,0.27,62.83,,HU
Hungary,HU,HU,2023-07-05 19:45:33,2023-06-22 00:00:00+00:00,2023-06-23,42.7317,94.3,45.31,193.93,0.0,-193.9,67.7027,455.22,798.9,67.9645,-0.2618,-,C,0.29,63.12,,HU
Hungary,HU,HU,2023-07-05 20:20:03,2023-06-23 00:00:00+00:00,2023-06-24,43.0306,94.3,45.63,298.82,0.0,-298.8,67.7027,455.22,798.9,67.9645,-0.2618,-,C,0.44,63.56,,HU
Hungary,HU,HU,2023-07-05 20:10:03,2023-06-24 00:00:00+00:00,2023-06-25,43.3512,94.3,45.97,320.59,0.0,-320.6,67.7027,455.22,798.9,67.9645,-0.2618,-,C,0.47,64.03,,HU
Hungary,HU,HU,2023-07-05 19:50:05,2023-06-25 00:00:00+00:00,2023-06-26,43.6696,94.3,46.31,318.45,0.0,-318.4,67.7027,455.22,798.9,67.9645,-0.2618,-,C,0.47,64.5,,HU
Hungary,HU,HU,2023-07-05 19:50:15,2023-06-26 00:00:00+00:00,2023-06-27,43.9657,94.3,46.62,296.13,0.0,-296.1,67.7027,455.22,798.9,67.9645,-0.2618,-,C,0.44,64.94,,HU
Hungary,HU,HU,2023-07-05 19:50:08,2023-06-27 00:00:00+00:00,2023-06-28,44.2523,94.3,46.93,286.59,0.0,-286.6,67.7027,455.22,798.9,67.9645,-0.2618,-,C,0.42,65.36,,HU
Hungary,HU,HU,2023-07-05 19:50:23,2023-06-28 00:00:00+00:00,2023-06-29,44.5231,94.3,47.21,270.82,0.0,-270.8,67.7027,455.22,798.9,67.9645,-0.2618,-,C,0.4,65.76,,HU
Hungary,HU,HU,2023-07-05 19:50:20,2023-06-29 00:00:00+00:00,2023-06-30,44.7843,94.3,47.49,261.2,0.0,-261.2,67.7027,455.22,798.9,67.9645,-0.2618,-,C,0.39,66.15,,HU
Hungary,HU,HU,2023-07-05 19:50:10,2023-06-30 00:00:00+00:00,2023-07-01,45.0545,94.3,47.78,270.14,0.0,-270.1,67.7027,455.22,798.9,67.9645,-0.2618,-,C,0.4,66.55,,HU
Italy,IT,IT,2023-06-05 10:52:43,2023-06-01 00:00:00+00:00,2023-06-02,145.7476,673.9,21.63,516.05,0.0,-516.0,195.2038,1698.45,2914.24,198.5601,-5.1167,-,C,0.26,74.66,,IT
Italy,IT,IT,2023-06-05 10:55:14,2023-06-02 00:00:00+00:00,2023-06-03,146.348,673.9,21.72,600.33,0.0,-600.3,195.2038,1698.45,2914.24,198.5601,-5.1167,-,C,0.31,74.97,,IT
Italy,IT,IT,2023-06-05 10:57:51,2023-06-03 00:00:00+00:00,2023-06-04,146.9498,673.9,21.81,601.84,0.0,-601.8,195.2038,1698.45,2914.24,198.6001,-5.1567,-,C,0.31,75.28,,IT
Italy,IT,IT,2023-06-05 12:38:13,2023-06-04 00:00:00+00:00,2023-06-05,147.5398,673.9,21.89,589.99,0.0,-590.0,195.2038,1698.45,2914.24,198.6001,-5.1567,-,C,0.3,75.58,,IT
Italy,IT,IT,2023-06-06 12:44:10,2023-06-05 00:00:00+00:00,2023-06-06,147.9982,673.9,21.96,460.17,0.0,-460.2,195.2038,1698.45,2914.24,198.6001,-5.1567,-,C,0.23,75.82,,IT
Italy,IT,IT,2023-06-07 15:36:38,2023-06-06 00:00:00+00:00,2023-06-07,148.4254,673.9,22.02,428.9,0.0,-428.9,195.2038,1698.45,2914.24,198.6001,-5.1567,-,C,0.22,76.04,,IT
Italy,IT,IT,2023-06-08 12:52:36,2023-06-07 00:00:00+00:00,2023-06-08,148.9205,673.9,22.1,496.71,0.0,-496.7,195.2038,1698.45,2914.24,198.6001,-5.1567,-,C,0.25,76.29,,IT
Italy,IT,IT,2023-06-09 16:05:34,2023-06-08 00:00:00+00:00,2023-06-09,149.3963,673.9,22.17,477.58,0.0,-477.6,195.2038,1698.45,2914.24,198.6001,-5.1567,-,C,0.24,76.53,,IT
Italy,IT,IT,2023-06-12 12:34:07,2023-06-09 00:00:00+00:00,2023-06-10,149.8807,673.9,22.24,486.12,0.0,-486.1,195.2038,1698.45,2914.24,198.6001,-5.1567,-,C,0.25,76.78,,IT
Italy,IT,IT,2023-06-12 12:36:15,2023-06-10 00:00:00+00:00,2023-06-11,150.4901,673.9,22.33,609.39,0.0,-609.4,195.2038,1698.45,2914.24,198.6001,-5.1567,-,C,0.31,77.09,,IT
Italy,IT,IT,2023-06-12 12:38:35,2023-06-11 00:00:00+00:00,2023-06-12,151.1122,673.9,22.42,622.04,0.0,-622.0,195.2038,1698.45,2914.24,198.6001,-5.1567,-,C,0.32,77.41,,IT
Italy,IT,IT,2023-06-13 13:00:47,2023-06-12 00:00:00+00:00,2023-06-13,151.5124,673.9,22.48,400.57,0.0,-400.6,195.2038,1698.45,2914.24,198.6001,-5.1567,-,C,0.21,77.62,,IT
Italy,IT,IT,2023-06-16 13:15:01,2023-06-13 00:00:00+00:00,2023-06-14,151.9329,673.9,22.55,420.93,0.0,-420.9,195.2038,1698.45,2914.24,198.6001,-5.1567,-,C,0.22,77.83,,IT
Italy,IT,IT,2023-06-16 13:15:11,2023-06-14 00:00:00+00:00,2023-06-15,152.338,673.9,22.61,407.1,0.0,-407.1,195.2038,1698.45,2914.24,198.6001,-5.1567,-,C,0.21,78.04,,IT
Italy,IT,IT,2023-06-16 13:15:19,2023-06-15 00:00:00+00:00,2023-06-16,152.7828,673.9,22.67,444.75,0.0,-444.7,195.2038,1698.45,2914.24,198.6001,-5.1567,-,C,0.23,78.27,,IT
Italy,IT,IT,2023-06-19 13:19:36,2023-06-16 00:00:00+00:00,2023-06-17,153.264,673.9,22.74,481.28,0.0,-481.3,195.2038,1698.45,2914.24,198.6001,-5.1567,-,C,0.25,78.51,,IT
Italy,IT,IT,2023-06-19 13:21:23,2023-06-17 00:00:00+00:00,2023-06-18,153.8228,673.9,22.83,558.66,0.0,-558.7,195.2038,1698.45,2914.24,198.6001,-5.1567,-,C,0.29,78.8,,IT
Italy,IT,IT,2023-06-19 13:22:47,2023-06-18 00:00:00+00:00,2023-06-19,154.427,673.9,22.92,604.17,0.0,-604.2,195.2038,1698.45,2914.24,198.6001,-5.1567,-,C,0.31,79.11,,IT
Italy,IT,IT,2023-06-20 12:43:33,2023-06-19 00:00:00+00:00,2023-06-20,154.8407,673.9,22.98,418.78,0.0,-418.8,195.2038,1698.45,2914.24,198.6001,-5.1567,-,C,0.21,79.32,,IT
Italy,IT,IT,2023-06-21 15:18:32,2023-06-20 00:00:00+00:00,2023-06-21,156.1478,673.9,23.17,419.78,0.0,-419.8,195.2038,1698.45,2914.24,198.6001,-5.1567,-,C,0.67,79.99,,IT
Italy,IT,IT,2023-06-22 14:50:43,2023-06-21 00:00:00+00:00,2023-06-22,155.6747,673.9,23.1,421.37,0.0,-421.4,195.2038,1698.45,2914.24,198.6001,-5.1567,-,C,-0.24,79.75,,IT
Italy,IT,IT,2023-06-23 10:15:30,2023-06-22 00:00:00+00:00,2023-06-23,156.0933,673.9,23.16,444.07,0.0,-444.1,195.2038,1698.45,2914.24,198.6001,-5.1567,-,C,0.21,79.96,,IT
Italy,IT,IT,2023-06-26 11:57:06,2023-06-23 00:00:00+00:00,2023-06-24,156.5903,673.9,23.24,471.79,0.0,-471.8,195.2038,1698.45,2914.24,198.6001,-5.1567,-,C,0.25,80.22,,IT
Italy,IT,IT,2023-06-26 11:58:42,2023-06-24 00:00:00+00:00,2023-06-25,157.1785,673.9,23.32,588.33,0.0,-588.3,195.2038,1698.45,2914.24,198.6001,-5.1567,-,C,0.3,80.52,,IT
Italy,IT,IT,2023-06-27 12:35:24,2023-06-25 00:00:00+00:00,2023-06-26,157.7818,673.9,23.41,603.28,0.0,-603.3,195.3118,1699.23,2916.1,198.5645,-5.0131,-,C,0.31,80.78,,IT
Italy,IT,IT,2023-06-27 12:37:39,2023-06-26 00:00:00+00:00,2023-06-27,158.2085,673.9,23.48,432.16,0.0,-432.2,195.2038,1698.45,2914.24,198.6001,-5.1567,-,C,0.22,81.05,,IT
Italy,IT,IT,2023-06-28 15:06:08,2023-06-27 00:00:00+00:00,2023-06-28,158.6373,673.9,23.54,433.87,0.0,-433.9,195.2038,1698.45,2914.24,198.6001,-5.1567,-,C,0.22,81.27,,IT
Italy,IT,IT,2023-06-29 14:15:43,2023-06-28 00:00:00+00:00,2023-06-29,159.0285,673.9,23.6,396.77,0.0,-396.8,195.2038,1698.45,2914.24,198.6001,-5.1567,-,C,0.2,81.47,,IT
Italy,IT,IT,2023-06-30 10:15:02,2023-06-29 00:00:00+00:00,2023-06-30,159.4432,673.9,23.66,415.36,0.0,-415.4,195.2038,1698.45,2914.24,198.6001,-5.1567,-,C,0.21,81.68,,IT
Italy,IT,IT,2023-07-10 12:33:15,2023-06-30 00:00:00+00:00,2023-07-01,159.9218,673.9,23.73,478.9,0.0,-478.9,195.2038,1698.45,2914.24,198.6001,-5.1567,-,C,0.25,81.93,,IT
Latvia,LV,LV,2024-10-15 14:24:10,2023-06-01 00:00:00+00:00,2023-06-02,11.378,9.2,123.67,0.0,0.0,0.0,24.4,128.0,74.0,22.6,1.8,-,C,0.38,46.63,,LV
Latvia,LV,LV,2024-10-15 14:24:56,2023-06-02 00:00:00+00:00,2023-06-03,11.4561,9.2,124.52,0.0,0.0,0.0,24.4,128.0,74.0,22.6,1.8,-,C,0.32,46.95,,LV
Latvia,LV,LV,2024-10-15 14:24:34,2023-06-03 00:00:00+00:00,2023-06-04,11.5466,9.2,125.51,0.0,0.0,0.0,24.4,128.0,74.0,22.6,1.8,-,C,0.37,47.32,,LV
Latvia,LV,LV,2024-10-15 14:25:20,2023-06-04 00:00:00+00:00,2023-06-05,11.6397,9.2,126.52,0.0,0.0,0.0,24.4,128.0,74.0,22.6,1.8,-,C,0.38,47.7,,LV
Latvia,LV,LV,2024-10-15 14:25:40,2023-06-05 00:00:00+00:00,2023-06-06,11.7399,9.2,127.61,0.0,0.0,0.0,24.4,128.0,74.0,22.6,1.8,-,C,0.41,48.11,,LV
Latvia,LV,LV,2024-10-15 14:26:11,2023-06-06 00:00:00+00:00,2023-06-07,11.8429,9.2,128.73,0.0,0.0,0.0,24.4,128.0,74.0,22.6,1.8,-,C,0.42,48.54,,LV
Latvia,LV,LV,2024-10-15 14:26:58,2023-06-07 00:00:00+00:00,2023-06-08,11.9067,9.2,129.42,0.0,0.0,0.0,24.4,128.0,74.0,22.6,1.8,-,C,0.26,48.8,,LV
Latvia,LV,LV,2024-10-15 14:26:40,2023-06-08 00:00:00+00:00,2023-06-09,12.004,9.2,130.48,0.0,0.0,0.0,24.4,128.0,74.0,22.6,1.8,-,C,0.4,49.2,,LV
Latvia,LV,LV,2024-10-15 14:25:55,2023-06-09 00:00:00+00:00,2023-06-10,12.1076,9.2,131.6,0.0,0.0,0.0,24.4,128.0,74.0,22.6,1.8,-,C,0.42,49.62,,LV
Latvia,LV,LV,2024-10-15 14:26:26,2023-06-10 00:00:00+00:00,2023-06-11,12.1999,9.2,132.61,0.0,0.0,0.0,24.4,128.0,74.0,22.6,1.8,-,C,0.38,50.0,,LV
Latvia,LV,LV,2024-10-15 14:27:16,2023-06-11 00:00:00+00:00,2023-06-12,12.2993,9.2,133.69,0.0,0.0,0.0,24.4,128.0,74.0,22.6,1.8,-,C,0.41,50.41,,LV
Latvia,LV,LV,2024-10-15 14:27:30,2023-06-12 00:00:00+00:00,2023-06-13,12.3938,9.2,134.72,0.0,0.0,0.0,24.4,128.0,74.0,22.6,1.8,-,C,0.39,50.79,,LV
Latvia,LV,LV,2024-10-15 14:27:42,2023-06-13 00:00:00+00:00,2023-06-14,12.4797,9.2,135.65,0.0,0.0,0.0,24.4,128.0,74.0,22.6,1.8,-,C,0.35,51.15,,LV
Latvia,LV,LV,2024-10-15 14:28:04,2023-06-14 00:00:00+00:00,2023-06-15,12.5683,9.2,136.61,0.0,0.0,0.0,24.4,128.0,74.0,22.6,1.8,-,C,0.36,51.51,,LV
Latvia,LV,LV,2024-10-15 14:28:24,2023-06-15 00:00:00+00:00,2023-06-16,12.6672,9.2,137.69,0.0,0.0,0.0,24.4,128.0,74.0,22.6,1.8,-,C,0.41,51.91,,LV
Latvia,LV,LV,2024-10-15 14:28:34,2023-06-16 00:00:00+00:00,2023-06-17,12.763,9.2,138.73,0.0,0.0,0.0,24.4,128.0,74.0,22.6,1.8,-,C,0.39,52.31,,LV
Latvia,LV,LV,2024-10-15 14:27:53,2023-06-17 00:00:00+00:00,2023-06-18,12.8611,9.2,139.79,0.0,0.0,0.0,24.4,128.0,74.0,22.6,1.8,-,C,0.4,52.71,,LV
Latvia,LV,LV,2024-10-15 14:28:45,2023-06-18 00:00:00+00:00,2023-06-19,12.9722,9.2,141.0,0.0,0.0,0.0,24.4,128.0,74.0,22.6,1.8,-,C,0.46,53.16,,LV
Latvia,LV,LV,2024-10-15 14:28:15,2023-06-19 00:00:00+00:00,2023-06-20,13.0615,9.2,141.97,0.0,0.0,0.0,24.4,128.0,74.0,22.6,1.8,-,C,0.37,53.53,,LV
Latvia,LV,LV,2024-10-15 14:29:15,2023-06-20 00:00:00+00:00,2023-06-21,13.1434,9.2,142.86,0.0,0.0,0.0,24.4,128.0,74.0,22.6,1.8,-,C,0.34,53.87,,LV
Latvia,LV,LV,2024-10-15 14:29:27,2023-06-21 00:00:00+00:00,2023-06-22,13.2234,9.2,143.73,0.0,0.0,0.0,24.4,128.0,74.0,22.6,1.8,-,C,0.33,54.19,,LV
Latvia,LV,LV,2024-10-15 14:29:05,2023-06-22 00:00:00+00:00,2023-06-23,13.3401,9.2,145.0,0.0,0.0,0.0,24.4,128.0,74.0,22.6,1.8,-,C,0.48,54.67,,LV
Latvia,LV,LV,2024-10-15 14:28:55,2023-06-23 00:00:00+00:00,2023-06-24,13.4613,9.2,146.32,0.0,0.0,0.0,24.4,128.0,74.0,22.6,1.8,-,C,0.5,55.17,,LV
Latvia,LV,LV,2024-10-15 14:29:37,2023-06-24 00:00:00+00:00,2023-06-25,13.5833,9.2,147.64,0.0,0.0,0.0,24.4,128.0,74.0,22.6,1.8,-,C,0.5,55.67,,LV
Latvia,LV,LV,2024-10-15 14:29:48,2023-06-25 00:00:00+00:00,2023-06-26,13.7092,9.2,149.01,0.0,0.0,0.0,24.4,128.0,74.0,22.6,1.8,-,C,0.52,56.19,,LV
Latvia,LV,LV,2024-10-15 14:30:00,2023-06-26 00:00:00+00:00,2023-06-27,13.7723,9.2,149.7,0.0,0.0,0.0,24.4,128.0,74.0,22.6,1.8,-,C,0.26,56.44,,LV
Latvia,LV,LV,2024-10-15 14:30:17,2023-06-27 00:00:00+00:00,2023-06-28,13.8245,9.2,150.27,0.0,0.0,0.0,24.4,128.0,74.0,22.6,1.8,-,C,0.21,56.66,,LV
Latvia,LV,LV,2024-10-15 14:31:12,2023-06-28 00:00:00+00:00,2023-06-29,13.861,9.2,150.66,0.0,0.0,0.0,24.4,128.0,74.0,22.6,1.8,-,C,0.15,56.81,,LV
Latvia,LV,LV,2024-10-15 14:30:37,2023-06-29 00:00:00+00:00,2023-06-30,13.8936,9.2,151.02,0.0,0.0,0.0,24.4,128.0,74.0,22.6,1.8,-,C,0.13,56.94,,LV
Latvia,LV,LV,2024-10-15 14:30:56,2023-06-30 00:00:00+00:00,2023-07-01,13.9414,9.2,151.54,0.0,0.0,0.0,24.4,128.0,74.0,22.6,1.8,-,C,0.2,57.14,,LV
Netherlands,NL,NL,2024-02-13 11:20:18,2023-06-01 00:00:00+00:00,2023-06-02,98.0087,296.7,33.03,499.58,84.9,-414.6,142.4411,1416.57,2803.9,142.4411,26.6987,-,C,0.29,68.81,,NL
Netherlands,NL,NL,2024-02-13 11:20:37,2023-06-02 00:00:00+00:00,2023-06-03,98.4558,296.7,33.18,498.94,51.9,-447.1,142.4411,1416.57,2803.9,142.4411,26.3579,-,C,0.31,69.12,,NL
Netherlands,NL,NL,2024-02-13 11:20:28,2023-06-03 00:00:00+00:00,2023-06-04,98.9197,296.7,33.34,485.11,21.3,-463.8,142.4411,1416.39,2804.39,142.4411,26.0139,-,C,0.33,69.45,,NL
Netherlands,NL,NL,2024-02-13 11:20:56,2023-06-04 00:00:00+00:00,2023-06-05,99.4194,296.7,33.51,525.24,25.5,-499.7,142.4411,1416.16,2805.0,142.4411,25.6699,-,C,0.35,69.8,,NL
Netherlands,NL,NL,2024-02-13 11:21:06,2023-06-05 00:00:00+00:00,2023-06-06,99.7463,296.7,33.62,398.79,71.9,-326.9,142.4411,1415.86,2805.79,142.4411,25.3288,-,C,0.23,70.03,,NL
Netherlands,NL,NL,2024-02-13 11:20:46,2023-06-06 00:00:00+00:00,2023-06-07,100.144,296.7,33.75,451.17,53.5,-397.6,142.4411,1415.76,2806.05,142.4411,24.9868,-,C,0.28,70.31,,NL
Netherlands,NL,NL,2024-02-13 11:21:17,2023-06-07 00:00:00+00:00,2023-06-08,100.599,296.7,33.91,466.63,11.7,-454.9,142.4411,1414.8,2808.58,142.4411,24.6233,-,C,0.32,70.62,,NL
Netherlands,NL,NL,2024-02-13 11:21:35,2023-06-08 00:00:00+00:00,2023-06-09,101.1296,296.7,34.08,546.48,15.8,-530.7,142.4411,1414.73,2808.76,142.4411,24.2601,-,C,0.37,71.0,,NL
Netherlands,NL,NL,2024-02-13 11:21:43,2023-06-09 00:00:00+00:00,2023-06-10,101.7038,296.7,34.28,598.99,24.8,-574.2,142.4411,1414.59,2809.15,142.4411,23.897,-,C,0.4,71.4,,NL
Netherlands,NL,NL,2024-02-13 11:21:25,2023-06-10 00:00:00+00:00,2023-06-11,102.221,296.7,34.45,530.95,13.8,-517.2,142.4411,1414.33,2809.83,142.4411,23.6645,-,C,0.36,71.76,,NL
Netherlands,NL,NL,2024-02-13 11:22:31,2023-06-11 00:00:00+00:00,2023-06-12,102.724,296.7,34.62,519.42,16.4,-503.1,142.4411,1413.93,2810.88,142.4411,23.4542,-,C,0.35,72.12,,NL
Netherlands,NL,NL,2024-02-13 11:22:21,2023-06-12 00:00:00+00:00,2023-06-13,103.2219,296.7,34.79,546.02,48.2,-497.8,142.4411,1413.53,2811.93,142.4411,23.1267,-,C,0.35,72.47,,NL
Netherlands,NL,NL,2024-02-13 11:21:53,2023-06-13 00:00:00+00:00,2023-06-14,103.7452,296.7,34.97,563.44,40.1,-523.3,142.4411,1453.25,2812.67,142.4411,22.7699,-,C,0.37,72.83,,NL
Netherlands,NL,NL,2024-02-13 11:22:11,2023-06-14 00:00:00+00:00,2023-06-15,104.2078,296.7,35.12,524.85,62.3,-462.6,142.4411,1453.07,2813.15,142.4411,22.4134,-,C,0.32,73.16,,NL
Netherlands,NL,NL,2024-02-13 11:22:41,2023-06-15 00:00:00+00:00,2023-06-16,104.66,296.7,35.27,525.98,73.9,-452.1,142.4411,1452.93,2813.52,142.4411,22.0571,-,C,0.32,73.48,,NL
Netherlands,NL,NL,2024-02-13 11:22:02,2023-06-16 00:00:00+00:00,2023-06-17,105.2422,296.7,35.47,600.74,18.5,-582.2,142.4411,1452.93,2813.53,142.4411,21.701,-,C,0.41,73.88,,NL
Netherlands,NL,NL,2024-02-13 11:23:13,2023-06-17 00:00:00+00:00,2023-06-18,105.7923,296.7,35.66,574.84,24.8,-550.0,142.4411,1452.61,2814.37,142.4411,21.3451,-,C,0.39,74.27,,NL
Netherlands,NL,NL,2024-02-13 11:23:23,2023-06-18 00:00:00+00:00,2023-06-19,106.3815,296.7,35.85,601.77,12.6,-589.1,142.4411,1412.36,2815.03,142.4411,21.0034,-,C,0.41,74.68,,NL
Netherlands,NL,NL,2024-02-13 11:23:02,2023-06-19 00:00:00+00:00,2023-06-20,106.895,296.7,36.03,536.62,23.1,-513.5,142.4411,1412.07,2815.8,142.4411,20.6514,-,C,0.36,75.04,,NL
Netherlands,NL,NL,2024-02-13 11:22:53,2023-06-20 00:00:00+00:00,2023-06-21,107.3185,296.7,36.17,497.89,63.1,-434.8,142.4411,1411.9,2816.25,142.4411,20.3162,-,C,0.3,75.34,,NL
Netherlands,NL,NL,2024-02-13 11:23:34,2023-06-21 00:00:00+00:00,2023-06-22,107.7279,296.7,36.31,493.28,83.9,-409.4,142.4411,1411.77,2816.6,142.4411,19.9643,-,C,0.29,75.63,,NL
Netherlands,NL,NL,2024-02-13 11:23:44,2023-06-22 00:00:00+00:00,2023-06-23,108.1518,296.7,36.45,498.28,74.4,-423.9,142.4411,1411.62,2816.99,142.4411,19.6123,-,C,0.3,75.93,,NL
Netherlands,NL,NL,2024-02-13 11:23:52,2023-06-23 00:00:00+00:00,2023-06-24,108.6591,296.7,36.62,538.63,31.4,-507.3,142.4411,1411.5,2817.3,142.4411,19.2603,-,C,0.36,76.28,,NL
Netherlands,NL,NL,2024-02-13 11:24:01,2023-06-24 00:00:00+00:00,2023-06-25,109.1809,296.7,36.8,565.74,44.0,-521.7,142.4411,1411.3,2817.82,142.4411,18.9246,-,C,0.37,76.65,,NL
Netherlands,NL,NL,2024-02-13 11:24:11,2023-06-25 00:00:00+00:00,2023-06-26,109.6373,296.7,36.95,468.15,11.8,-456.4,142.4411,1451.01,2818.59,142.4411,18.7191,-,C,0.32,76.97,,NL
Netherlands,NL,NL,2024-02-13 11:24:33,2023-06-26 00:00:00+00:00,2023-06-27,110.1043,296.7,37.11,510.78,43.8,-467.0,142.4411,1450.74,2819.3,142.4411,18.3996,-,C,0.33,77.3,,NL
Netherlands,NL,NL,2024-02-13 11:24:59,2023-06-27 00:00:00+00:00,2023-06-28,110.5922,296.7,37.27,554.1,66.2,-487.9,142.4411,1450.52,2819.89,142.4411,18.0852,-,C,0.34,77.64,,NL
Netherlands,NL,NL,2024-02-13 11:24:50,2023-06-28 00:00:00+00:00,2023-06-29,111.0919,296.7,37.44,557.14,57.5,-499.7,142.4411,1450.28,2820.53,142.4411,17.7352,-,C,0.35,77.99,,NL
Netherlands,NL,NL,2024-02-13 11:24:42,2023-06-29 00:00:00+00:00,2023-06-30,111.5673,296.7,37.6,545.78,70.4,-475.3,142.4411,1450.15,2820.86,142.4411,17.3853,-,C,0.33,78.33,,NL
Netherlands,NL,NL,2024-02-13 11:24:24,2023-06-30 00:00:00+00:00,2023-07-01,112.1457,296.7,37.8,615.33,37.0,-578.4,142.4091,1450.03,2821.18,142.409,17.0353,-,C,0.41,78.75,,NL
Poland,PL,PL,2023-10-07 08:52:53,2023-06-01 00:00:00+00:00,2023-06-02,20.913,225.4,9.28,79.35,72.8,-6.5,37.5109,345.03,595.86,36.0858,0.349,-,C,0.02,55.75,,PL
Poland,PL,PL,2023-10-07 08:53:29,2023-06-02 00:00:00+00:00,2023-06-03,21.0582,225.4,9.34,173.68,28.5,-145.2,37.5109,345.03,595.86,36.0858,0.349,-,C,0.39,56.14,,PL
Poland,PL,PL,2023-10-07 08:53:57,2023-06-03 00:00:00+00:00,2023-06-04,21.2273,225.4,9.42,174.1,5.0,-169.1,37.5109,345.03,595.86,36.0858,0.349,-,C,0.45,56.59,,PL
Poland,PL,PL,2023-10-07 08:54:58,2023-06-04 00:00:00+00:00,2023-06-05,21.4013,225.4,9.49,174.03,0.0,-174.0,37.5109,345.03,595.86,36.0858,0.349,-,C,0.46,57.05,,PL
Poland,PL,PL,2023-10-07 09:03:03,2023-06-05 00:00:00+00:00,2023-06-06,21.5553,225.4,9.56,173.05,19.1,-154.0,37.5109,345.03,595.86,36.0858,0.349,-,C,0.41,57.46,,PL
Poland,PL,PL,2023-10-07 09:00:15,2023-06-06 00:00:00+00:00,2023-06-07,21.6104,225.4,9.59,74.35,19.2,-55.1,37.5109,345.03,595.86,36.0858,0.349,-,C,0.15,57.61,,PL
Poland,PL,PL,2023-10-07 09:02:48,2023-06-07 00:00:00+00:00,2023-06-08,21.6471,225.4,9.6,37.08,0.5,-36.6,37.5109,345.03,595.86,36.0858,0.349,-,C,0.1,57.71,,PL
Poland,PL,PL,2023-10-07 09:03:44,2023-06-08 00:00:00+00:00,2023-06-09,21.8597,225.4,9.7,212.65,0.0,-212.6,37.5109,345.03,595.86,36.0858,0.349,-,C,0.57,58.28,,PL
Poland,PL,PL,2023-10-07 09:06:15,2023-06-09 00:00:00+00:00,2023-06-10,22.0571,225.4,9.79,197.41,0.0,-197.4,37.5109,345.03,595.86,36.0858,0.349,-,C,0.53,58.8,,PL
Poland,PL,PL,2023-10-07 09:03:20,2023-06-10 00:00:00+00:00,2023-06-11,22.2447,225.4,9.87,187.61,0.0,-187.6,37.5109,345.03,595.86,36.0858,0.349,-,C,0.5,59.3,,PL
Poland,PL,PL,2023-10-07 09:05:18,2023-06-11 00:00:00+00:00,2023-06-12,22.4356,225.4,9.95,190.89,0.0,-190.9,37.5109,345.03,595.86,36.0858,0.349,-,C,0.51,59.81,,PL
Poland,PL,PL,2023-10-07 09:00:57,2023-06-12 00:00:00+00:00,2023-06-13,22.6151,225.4,10.03,179.45,0.0,-179.4,37.5109,345.03,595.86,36.0858,0.349,-,C,0.48,60.29,,PL
Poland,PL,PL,2023-10-07 09:06:08,2023-06-13 00:00:00+00:00,2023-06-14,22.7885,225.4,10.11,173.44,0.0,-173.4,37.5109,345.03,595.86,36.0858,0.349,-,C,0.46,60.75,,PL
Poland,PL,PL,2023-10-07 09:03:28,2023-06-14 00:00:00+00:00,2023-06-15,22.9531,225.4,10.18,173.25,8.6,-164.6,37.5109,345.03,595.86,36.0858,0.349,-,C,0.44,61.19,,PL
Poland,PL,PL,2023-12-21 19:11:00,2023-06-15 00:00:00+00:00,2023-06-16,23.0959,225.4,10.25,170.89,28.2,-142.7,37.5109,359.01,595.86,36.0858,0.349,-,C,0.38,61.57,,PL
Poland,PL,PL,2023-12-21 19:11:46,2023-06-16 00:00:00+00:00,2023-06-17,23.2056,225.4,10.3,167.78,58.0,-109.7,37.5109,359.01,595.86,36.0858,0.349,-,C,0.29,61.86,,PL
Poland,PL,PL,2023-12-21 19:10:38,2023-06-17 00:00:00+00:00,2023-06-18,23.2587,225.4,10.32,77.6,24.5,-53.1,37.5109,359.01,595.86,36.0858,0.349,-,C,0.14,62.01,,PL
Poland,PL,PL,2023-12-21 19:12:20,2023-06-18 00:00:00+00:00,2023-06-19,23.4713,225.4,10.41,212.61,0.0,-212.6,37.5109,359.01,595.86,36.0858,0.349,-,C,0.57,62.57,,PL
Poland,PL,PL,2023-12-21 19:11:23,2023-06-19 00:00:00+00:00,2023-06-20,23.6717,225.4,10.5,200.33,0.0,-200.3,37.5109,359.01,595.86,36.0858,0.349,-,C,0.53,63.11,,PL
Poland,PL,PL,2023-12-21 19:12:52,2023-06-20 00:00:00+00:00,2023-06-21,23.8739,225.4,10.59,202.24,0.0,-202.2,37.5109,359.01,595.86,36.0858,0.349,-,C,0.54,63.65,,PL
Poland,PL,PL,2023-12-21 19:12:44,2023-06-21 00:00:00+00:00,2023-06-22,24.0646,225.4,10.68,190.64,0.0,-190.6,37.5109,359.01,595.86,36.0858,0.349,-,C,0.51,64.15,,PL
Poland,PL,PL,2023-12-21 19:10:23,2023-06-22 00:00:00+00:00,2023-06-23,24.27,225.4,10.77,205.47,0.0,-205.5,37.5109,359.01,595.86,36.0858,0.349,-,C,0.55,64.7,,PL
Poland,PL,PL,2023-12-21 19:11:31,2023-06-23 00:00:00+00:00,2023-06-24,24.4864,225.4,10.86,216.38,0.0,-216.4,37.5109,359.01,595.86,36.0858,0.349,-,C,0.58,65.28,,PL
Poland,PL,PL,2023-12-21 19:10:46,2023-06-24 00:00:00+00:00,2023-06-25,24.7411,225.4,10.98,254.63,0.0,-254.6,37.5109,359.01,595.86,36.0858,0.349,-,C,0.68,65.96,,PL
Poland,PL,PL,2023-12-21 19:10:31,2023-06-25 00:00:00+00:00,2023-06-26,25.0053,225.4,11.09,264.21,0.0,-264.2,37.5109,359.01,595.86,36.0858,0.349,-,C,0.7,66.66,,PL
Poland,PL,PL,2023-12-21 19:12:28,2023-06-26 00:00:00+00:00,2023-06-27,25.271,225.4,11.21,265.74,0.0,-265.7,37.5109,359.01,595.86,36.0858,0.349,-,C,0.71,67.37,,PL
Poland,PL,PL,2023-12-21 19:10:14,2023-06-27 00:00:00+00:00,2023-06-28,25.5534,225.4,11.34,282.4,0.0,-282.4,37.5109,359.01,595.86,36.0858,0.349,-,C,0.75,68.12,,PL
Poland,PL,PL,2023-12-21 19:13:00,2023-06-28 00:00:00+00:00,2023-06-29,25.8395,225.4,11.46,286.06,0.0,-286.1,37.5109,359.01,595.86,36.0858,0.349,-,C,0.76,68.89,,PL
Poland,PL,PL,2023-12-21 19:10:07,2023-06-29 00:00:00+00:00,2023-06-30,26.0758,225.4,11.57,236.37,0.0,-236.4,37.5109,359.01,595.86,36.0858,0.349,-,C,0.63,69.52,,PL
Poland,PL,PL,2023-12-21 19:11:54,2023-06-30 00:00:00+00:00,2023-07-01,26.3176,225.4,11.68,241.76,0.0,-241.8,37.5109,359.01,595.86,36.0858,0.349,-,C,0.64,70.16,,PL
Portugal,PT,PT,2023-08-08 14:02:20,2023-06-01 00:00:00+00:00,2023-06-02,3.5472,51.75,6.85,0.0,62.6,62.6,3.57,24.0,85.68,0.3106,3.2894,-,C,-1.76,99.36,,PT
Portugal,PT,PT,2023-08-08 14:02:10,2023-06-02 00:00:00+00:00,2023-06-03,3.5472,51.75,6.85,0.0,0.0,0.0,3.57,24.0,85.68,0.3106,3.2894,-,C,0.0,99.36,,PT
Portugal,PT,PT,2023-08-08 14:02:29,2023-06-03 00:00:00+00:00,2023-06-04,3.5671,51.75,6.89,19.99,0.0,-20.0,3.57,24.0,85.68,0.3106,3.2894,-,C,0.56,99.92,,PT
Portugal,PT,PT,2023-08-08 14:09:20,2023-06-04 00:00:00+00:00,2023-06-05,3.5815,51.75,6.92,14.53,0.0,-14.5,3.57,24.0,85.68,0.3106,3.2894,-,C,0.4,100.32,,PT
Portugal,PT,PT,2023-08-08 14:09:14,2023-06-05 00:00:00+00:00,2023-06-06,3.5375,51.75,6.84,0.0,43.9,43.9,3.57,24.0,85.68,0.3106,3.2894,-,C,-1.23,99.09,,PT
Portugal,PT,PT,2023-08-08 14:09:35,2023-06-06 00:00:00+00:00,2023-06-07,3.5082,51.75,6.78,0.0,29.3,29.3,3.57,24.0,85.68,0.3106,3.2894,-,C,-0.82,98.27,,PT
Portugal,PT,PT,2023-08-08 14:09:28,2023-06-07 00:00:00+00:00,2023-06-08,3.5082,51.75,6.78,0.0,0.0,0.0,3.57,15.0,53.55,0.3106,3.2894,-,C,0.0,98.27,,PT
Portugal,PT,PT,2023-08-08 14:09:50,2023-06-08 00:00:00+00:00,2023-06-09,3.5303,51.75,6.82,22.31,0.0,-22.3,3.57,24.0,85.68,0.3106,3.2894,-,C,0.62,98.89,,PT
Portugal,PT,PT,2023-08-08 14:09:42,2023-06-09 00:00:00+00:00,2023-06-10,3.5575,51.75,6.87,27.35,0.0,-27.4,3.57,24.0,85.68,0.3106,3.2894,-,C,0.76,99.65,,PT
Portugal,PT,PT,2023-08-08 14:09:57,2023-06-10 00:00:00+00:00,2023-06-11,3.5832,51.75,6.92,25.89,0.0,-25.9,3.57,24.0,85.68,0.3106,3.2894,-,C,0.72,100.37,,PT
Portugal,PT,PT,2023-08-08 14:10:04,2023-06-11 00:00:00+00:00,2023-06-12,3.6029,51.75,6.96,19.77,0.0,-19.8,3.57,24.0,85.68,0.3106,3.2894,-,C,0.55,100.92,,PT
Portugal,PT,PT,2023-08-08 14:10:06,2023-06-12 00:00:00+00:00,2023-06-13,3.56,51.75,6.88,0.0,42.8,42.8,3.57,24.0,85.68,0.3106,3.2894,-,C,-1.2,99.72,,PT
Portugal,PT,PT,2023-08-08 14:10:27,2023-06-13 00:00:00+00:00,2023-06-14,3.5177,51.75,6.8,0.0,42.2,42.2,3.57,24.0,85.68,0.3106,3.2894,-,C,-1.18,98.54,,PT
Portugal,PT,PT,2023-08-08 14:10:19,2023-06-14 00:00:00+00:00,2023-06-15,3.5177,51.75,6.8,0.0,0.0,0.0,3.57,15.0,53.55,0.3106,3.2894,-,C,0.0,98.54,,PT
Portugal,PT,PT,2023-08-08 14:10:37,2023-06-15 00:00:00+00:00,2023-06-16,3.4777,51.75,6.72,0.0,39.9,39.9,3.57,24.0,85.68,0.3106,3.2894,-,C,-1.12,97.42,,PT
Portugal,PT,PT,2023-08-08 14:10:45,2023-06-16 00:00:00+00:00,2023-06-17,3.4393,51.75,6.65,0.0,38.4,38.4,3.57,24.0,85.68,0.3106,3.2894,-,C,-1.08,96.34,,PT
Portugal,PT,PT,2023-08-08 14:10:54,2023-06-17 00:00:00+00:00,2023-06-18,3.4393,51.75,6.65,0.0,0.0,0.0,3.57,24.0,85.68,0.3106,3.2894,-,C,0.0,96.34,,PT
Portugal,PT,PT,2023-08-08 14:11:02,2023-06-18 00:00:00+00:00,2023-06-19,3.4491,51.75,6.66,9.85,0.0,-9.9,3.57,24.0,85.68,0.3106,3.2894,-,C,0.27,96.61,,PT
Portugal,PT,PT,2023-08-08 14:11:10,2023-06-19 00:00:00+00:00,2023-06-20,3.4573,51.75,6.68,8.27,0.0,-8.3,3.57,24.0,85.68,0.3106,3.2894,-,C,0.23,96.84,,PT
Portugal,PT,PT,2023-08-08 14:11:17,2023-06-20 00:00:00+00:00,2023-06-21,3.4238,51.75,6.62,0.0,33.3,33.3,3.57,24.0,85.68,0.3106,3.2894,-,C,-0.94,95.91,,PT
Portugal,PT,PT,2023-08-08 14:11:24,2023-06-21 00:00:00+00:00,2023-06-22,3.3908,51.75,6.55,0.0,33.0,33.0,3.57,15.0,53.55,0.3106,3.2894,-,C,-0.92,94.98,,PT
Portugal,PT,PT,2023-08-08 14:11:46,2023-06-22 00:00:00+00:00,2023-06-23,3.362,51.75,6.5,0.0,28.8,28.8,3.57,24.0,85.68,0.3106,3.2894,-,C,-0.81,94.17,,PT
Portugal,PT,PT,2023-08-08 14:11:31,2023-06-23 00:00:00+00:00,2023-06-24,3.3243,51.75,6.42,0.0,37.6,37.6,3.57,24.0,85.68,0.3106,3.2894,-,C,-1.06,93.12,,PT
Portugal,PT,PT,2023-08-08 14:11:38,2023-06-24 00:00:00+00:00,2023-06-25,3.3489,51.75,6.47,24.77,0.0,-24.8,3.57,24.0,85.68,0.3106,3.2894,-,C,0.69,93.81,,PT
Portugal,PT,PT,2023-08-08 14:11:53,2023-06-25 00:00:00+00:00,2023-06-26,3.3749,51.75,6.52,26.13,0.0,-26.1,3.57,24.0,85.68,0.3106,3.2894,-,C,0.73,94.53,,PT
Portugal,PT,PT,2023-08-08 14:12:00,2023-06-26 00:00:00+00:00,2023-06-27,3.3863,51.75,6.54,11.48,0.0,-11.5,3.57,24.0,85.68,0.3106,3.2894,-,C,0.32,94.85,,PT
Portugal,PT,PT,2023-08-08 14:12:09,2023-06-27 00:00:00+00:00,2023-06-28,3.3499,51.75,6.47,0.0,36.3,36.3,3.57,24.0,85.68,0.3106,3.2894,-,C,-1.02,93.83,,PT
Portugal,PT,PT,2023-08-08 14:12:18,2023-06-28 00:00:00+00:00,2023-06-29,3.3097,51.75,6.4,0.0,40.1,40.1,3.57,15.0,53.55,0.3106,3.2894,-,C,-1.13,92.71,,PT
Portugal,PT,PT,2023-08-08 14:12:27,2023-06-29 00:00:00+00:00,2023-06-30,3.3097,51.75,6.4,0.0,0.0,0.0,3.57,24.0,85.68,0.3106,3.2894,-,C,0.0,92.71,,PT
Portugal,PT,PT,2023-08-08 14:12:37,2023-06-30 00:00:00+00:00,2023-07-01,3.2933,51.75,6.36,0.0,16.3,16.3,3.57,24.0,85.68,0.3106,3.2894,-,C,-0.46,92.25,,PT
Romania,RO,RO,2023-06-02 09:32:44,2023-06-01 00:00:00+00:00,2023-06-02,19.8122,104.65,18.93,123.19,0.2,-123.0,33.8636,258.75,312.44,3.1546,0,-,C,0.32,58.51,,RO
Romania,RO,RO,2023-06-03 06:15:01,2023-06-02 00:00:00+00:00,2023-06-03,19.9405,104.65,19.05,128.36,0.0,-128.4,33.8636,258.75,312.44,3.1546,0,-,C,0.38,58.88,,RO
Romania,RO,RO,2023-06-04 06:09:48,2023-06-03 00:00:00+00:00,2023-06-04,20.0718,104.65,19.18,131.25,0.0,-131.2,33.8636,258.75,312.44,3.1546,0,-,C,0.39,59.27,,RO
Romania,RO,RO,2023-06-05 06:17:06,2023-06-04 00:00:00+00:00,2023-06-05,20.2148,104.65,19.32,142.96,0.0,-143.0,33.8636,258.75,312.44,3.1546,0,-,C,0.42,59.69,,RO
Romania,RO,RO,2023-06-06 08:44:39,2023-06-05 00:00:00+00:00,2023-06-06,20.343,104.65,19.44,128.22,0.0,-128.2,33.8636,258.75,312.44,3.1546,0,-,C,0.38,60.07,,RO
Romania,RO,RO,2023-06-07 07:51:56,2023-06-06 00:00:00+00:00,2023-06-07,20.4467,104.65,19.54,103.69,0.0,-103.7,33.8636,258.75,312.44,3.1546,0,-,C,0.31,60.38,,RO
Romania,RO,RO,2023-06-08 08:02:15,2023-06-07 00:00:00+00:00,2023-06-08,20.5452,104.65,19.63,98.53,0.0,-98.5,33.8636,258.75,312.44,3.1546,0,-,C,0.29,60.67,,RO
Romania,RO,RO,2023-06-09 07:21:42,2023-06-08 00:00:00+00:00,2023-06-09,20.6458,104.65,19.73,101.39,0.8,-100.6,33.8636,258.75,312.44,3.1546,0,-,C,0.3,60.97,,RO
Romania,RO,RO,2023-06-10 06:24:16,2023-06-09 00:00:00+00:00,2023-06-10,20.7554,104.65,19.83,109.67,0.0,-109.7,33.8636,258.75,312.44,3.1546,0,-,C,0.32,61.29,,RO
Romania,RO,RO,2023-06-12 06:16:03,2023-06-10 00:00:00+00:00,2023-06-11,20.8763,104.65,19.95,120.9,0.0,-120.9,33.8636,258.75,312.44,3.1546,0,-,C,0.36,61.65,,RO
Romania,RO,RO,2023-06-12 06:15:05,2023-06-11 00:00:00+00:00,2023-06-12,20.9956,104.65,20.06,119.25,0.0,-119.3,33.8636,258.75,312.44,3.1546,0,-,C,0.35,62.0,,RO
Romania,RO,RO,2023-06-13 07:35:01,2023-06-12 00:00:00+00:00,2023-06-13,21.1016,104.65,20.16,106.97,1.0,-106.0,33.8636,258.75,312.44,3.1546,0,-,C,0.31,62.31,,RO
Romania,RO,RO,2023-06-14 07:53:12,2023-06-13 00:00:00+00:00,2023-06-14,21.2026,104.65,20.26,101.01,0.0,-101.0,33.8636,258.75,312.44,3.1546,0,-,C,0.3,62.61,,RO
Romania,RO,RO,2023-06-15 07:48:48,2023-06-14 00:00:00+00:00,2023-06-15,21.3049,104.65,20.36,102.33,0.0,-102.3,33.8636,258.75,312.44,3.1546,0,-,C,0.3,62.91,,RO
Romania,RO,RO,2023-06-16 07:10:03,2023-06-15 00:00:00+00:00,2023-06-16,21.4065,104.65,20.46,102.79,1.2,-101.6,33.8636,258.75,312.44,3.1546,0,-,C,0.3,63.21,,RO
Romania,RO,RO,2023-06-18 07:49:32,2023-06-16 00:00:00+00:00,2023-06-17,21.5047,104.65,20.55,98.26,0.0,-98.3,33.8636,258.75,312.44,3.1546,0,-,C,0.29,63.5,,RO
Romania,RO,RO,2023-06-18 07:48:33,2023-06-17 00:00:00+00:00,2023-06-18,21.6033,104.65,20.64,98.57,0.0,-98.6,33.8636,258.75,312.44,3.1546,0,-,C,0.29,63.8,,RO
Romania,RO,RO,2023-06-19 08:52:37,2023-06-18 00:00:00+00:00,2023-06-19,21.7065,104.65,20.74,103.14,0.0,-103.1,33.8636,258.75,312.44,3.1546,0,-,C,0.3,64.1,,RO
Romania,RO,RO,2023-06-20 07:19:23,2023-06-19 00:00:00+00:00,2023-06-20,21.8034,104.65,20.83,96.94,0.0,-96.9,33.8636,258.75,312.44,3.1546,0,-,C,0.29,64.39,,RO
Romania,RO,RO,2023-06-21 07:26:24,2023-06-20 00:00:00+00:00,2023-06-21,21.8964,104.65,20.92,94.78,1.8,-93.0,33.8636,258.75,312.44,3.1546,0,-,C,0.27,64.66,,RO
Romania,RO,RO,2023-06-22 12:41:36,2023-06-21 00:00:00+00:00,2023-06-22,21.9871,104.65,21.01,90.77,0.0,-90.8,33.8636,258.75,312.44,3.1546,0,-,C,0.27,64.93,,RO
Romania,RO,RO,2023-06-23 05:48:11,2023-06-22 00:00:00+00:00,2023-06-23,22.0793,104.65,21.1,92.14,0.0,-92.1,33.8636,258.75,312.44,3.1546,0,-,C,0.27,65.2,,RO
Romania,RO,RO,2023-06-24 06:23:38,2023-06-23 00:00:00+00:00,2023-06-24,22.1702,104.65,21.19,90.88,0.0,-90.9,33.8636,258.75,312.44,3.1546,0,-,C,0.27,65.47,,RO
Romania,RO,RO,2023-06-26 07:42:34,2023-06-24 00:00:00+00:00,2023-06-25,22.2816,104.65,21.29,111.39,0.0,-111.4,33.8636,258.75,312.44,3.1546,0,-,C,0.33,65.8,,RO
Romania,RO,RO,2023-06-26 07:40:20,2023-06-25 00:00:00+00:00,2023-06-26,22.3959,104.65,21.4,114.35,0.0,-114.4,33.8636,258.75,312.44,3.1546,0,-,C,0.34,66.14,,RO
Romania,RO,RO,2023-06-27 06:55:32,2023-06-26 00:00:00+00:00,2023-06-27,22.4879,104.65,21.49,93.78,1.8,-92.0,33.8636,258.75,312.44,3.1546,0,-,C,0.27,66.41,,RO
Romania,RO,RO,2023-06-28 08:41:08,2023-06-27 00:00:00+00:00,2023-06-28,22.5915,104.65,21.59,103.6,0.0,-103.6,33.8636,258.75,312.44,3.1546,0,-,C,0.31,66.71,,RO
Romania,RO,RO,2023-06-29 06:33:40,2023-06-28 00:00:00+00:00,2023-06-29,22.6907,104.65,21.68,99.17,0.0,-99.2,33.8636,258.75,312.44,3.1546,0,-,C,0.29,67.01,,RO
Romania,RO,RO,2023-06-30 08:50:01,2023-06-29 00:00:00+00:00,2023-06-30,22.7894,104.65,21.78,98.75,0.0,-98.8,33.8636,258.75,312.44,3.1546,0,-,C,0.29,67.3,,RO
Romania,RO,RO,2023-07-01 06:32:07,2023-06-30 00:00:00+00:00,2023-07-01,22.9031,104.65,21.89,114.56,0.8,-113.7,33.8636,258.75,312.44,3.1546,0,-,C,0.34,67.63,,RO
Serbia,RS,RS,2026-08-20 06:10:07,2023-06-01 00:00:00+00:00,2023-06-02,,,0.0,,,,,,,-,-,-,N,,,,RS
Serbia,RS,RS,2026-08-20 06:10:07,2023-06-02 00:00:00+00:00,2023-06-03,,,0.0,,,,,,,-,-,-,N,,,,RS
Serbia,RS,RS,2026-08-20 06:10:07,2023-06-03 00:00:00+00:00,2023-06-04,,,0.0,,,,,,,-,-,-,N,,,,RS
Serbia,RS,RS,2026-08-20 06:10:07,2023-06-04 00:00:00+00:00,2023-06-05,,,0.0,,,,,,,-,-,-,N,,,,RS
Serbia,RS,RS,2026-08-20 06:10:07,2023-06-05 00:00:00+00:00,2023-06-06,,,0.0,,,,,,,-,-,-,N,,,,RS
Serbia,RS,RS,2026-08-20 06:10:07,2023-06-06 00:00:00+00:00,2023-06-07,,,0.0,,,,,,,-,-,-,N,,,,RS
Serbia,RS,RS,2026-08-20 06:10:07,2023-06-07 00:00:00+00:00,2023-06-08,,,0.0,,,,,,,-,-,-,N,,,,RS
Serbia,RS,RS,2026-08-20 06:10:07,2023-06-08 00:00:00+00:00,2023-06-09,,,0.0,,,,,,,-,-,-,N,,,,RS
Serbia,RS,RS,2026-08-20 06:10:07,2023-06-09 00:00:00+00:00,2023-06-10,,,0.0,,,,,,,-,-,-,N,,,,RS
Serbia,RS,RS,2026-08-20 06:10:07,2023-06-10 00:00:00+00:00,2023-06-11,,,0.0,,,,,,,-,-,-,N,,,,RS
Serbia,RS,RS,2026-08-20 06:10:07,2023-06-11 00:00:00+00:00,2023-06-12,,,0.0,,,,,,,-,-,-,N,,,,RS
Serbia,RS,RS,2026-08-20 06:10:07,2023-06-12 00:00:00+00:00,2023-06-13,,,0.0,,,,,,,-,-,-,N,,,,RS
Serbia,RS,RS,2026-08-20 06:10:07,2023-06-13 00:00:00+00:00,2023-06-14,,,0.0,,,,,,,-,-,-,N,,,,RS
Serbia,RS,RS,2026-08-20 06:10:07,2023-06-14 00:00:00+00:00,2023-06-15,,,0.0,,,,,,,-,-,-,N,,,,RS
Serbia,RS,RS,2026-08-20 06:10:07,2023-06-15 00:00:00+00:00,2023-06-16,,,0.0,,,,,,,-,-,-,N,,,,RS
Serbia,RS,RS,2026-08-20 06:10:07,2023-06-16 00:00:00+00:00,2023-06-17,,,0.0,,,,,,,-,-,-,N,,,,RS
Serbia,RS,RS,2026-08-20 06:10:07,2023-06-17 00:00:00+00:00,2023-06-18,,,0.0,,,,,,,-,-,-,N,,,,RS
Serbia,RS,RS,2026-08-20 06:10:07,2023-06-18 00:00:00+00:00,2023-06-19,,,0.0,,,,,,,-,-,-,N,,,,RS
Serbia,RS,RS,2026-08-20 06:10:07,2023-06-19 00:00:00+00:00,2023-06-20,,,0.0,,,,,,,-,-,-,N,,,,RS
Serbia,RS,RS,2026-08-20 06:10:07,2023-06-20 00:00:00+00:00,2023-06-21,,,0.0,,,,,,,-,-,-,N,,,,RS
Serbia,RS,RS,2026-08-20 06:10:07,2023-06-21 00:00:00+00:00,2023-06-22,,,0.0,,,,,,,-,-,-,N,,,,RS
Serbia,RS,RS,2026-08-20 06:10:07,2023-06-22 00:00:00+00:00,2023-06-23,,,0.0,,,,,,,-,-,-,N,,,,RS
Serbia,RS,RS,2026-08-20 06:10:07,2023-06-23 00:00:00+00:00,2023-06-24,,,0.0,,,,,,,-,-,-,N,,,,RS
Serbia,RS,RS,2026-08-20 06:10:07,2023-06-24 00:00:00+00:00,2023-06-25,,,0.0,,,,,,,-,-,-,N,,,,RS
Serbia,RS,RS,2026-08-20 06:10:07,2023-06-25 00:00:00+00:00,2023-06-26,,,0.0,,,,,,,-,-,-,N,,,,RS
Serbia,RS,RS,2026-08-20 06:10:07,2023-06-26 00:00:00+00:00,2023-06-27,,,0.0,,,,,,,-,-,-,N,,,,RS
Serbia,RS,RS,2026-08-20 06:10:07,2023-06-27 00:00:00+00:00,2023-06-28,,,0.0,,,,,,,-,-,-,N,,,,RS
Serbia,RS,RS,2026-08-20 06:10:07,2023-06-28 00:00:00+00:00,2023-06-29,,,0.0,,,,,,,-,-,-,N,,,,RS
Serbia,RS,RS,2026-08-20 06:10:07,2023-06-29 00:00:00+00:00,2023-06-30,,,0.0,,,,,,,-,-,-,N,,,,RS
Serbia,RS,RS,2026-08-20 06:10:07,2023-06-30 00:00:00+00:00,2023-07-01,,,0.0,,,,,,,-,-,-,N,,,,RS
Slovakia,SK,SK,2023-06-02 09:05:15,2023-06-01 00:00:00+00:00,2023-06-02,26.7651,48.3,55.41,182.79,14.2,-168.6,37.1376,410.96,491.56,35.0585,2.0791,-,C,0.45,72.07,,SK
Slovakia,SK,SK,2023-06-03 08:05:19,2023-06-02 00:00:00+00:00,2023-06-03,26.9438,48.3,55.78,193.5,15.1,-178.4,37.1376,410.96,491.56,35.1119,2.0257,-,C,0.48,72.55,,SK
Slovakia,SK,SK,2023-06-04 07:40:13,2023-06-03 00:00:00+00:00,2023-06-04,27.1087,48.3,56.13,178.51,13.9,-164.7,37.1376,410.96,491.56,35.232,1.9056,-,C,0.44,73.0,,SK
Slovakia,SK,SK,2023-06-05 07:05:37,2023-06-04 00:00:00+00:00,2023-06-05,27.2723,48.3,56.46,177.67,14.4,-163.3,37.1376,410.96,491.56,35.232,1.9056,-,C,0.44,73.44,,SK
Slovakia,SK,SK,2023-06-06 10:11:59,2023-06-05 00:00:00+00:00,2023-06-06,27.3956,48.3,56.72,138.52,15.4,-123.1,37.1376,410.96,491.56,35.232,1.9056,-,C,0.33,73.77,,SK
Slovakia,SK,SK,2023-06-07 06:40:20,2023-06-06 00:00:00+00:00,2023-06-07,27.532,48.3,57.0,151.04,14.7,-136.4,37.1376,410.96,491.56,35.2742,1.8634,-,C,0.37,74.14,,SK
Slovakia,SK,SK,2023-06-08 07:10:47,2023-06-07 00:00:00+00:00,2023-06-08,27.6573,48.3,57.26,139.25,13.9,-125.3,37.1376,410.96,491.56,35.3142,1.8234,-,C,0.34,74.47,,SK
Slovakia,SK,SK,2023-06-09 06:55:26,2023-06-08 00:00:00+00:00,2023-06-09,27.8114,48.3,57.58,168.25,14.1,-154.1,37.1376,410.96,491.56,35.36,1.7776,-,C,0.41,74.89,,SK
Slovakia,SK,SK,2023-06-10 09:16:04,2023-06-09 00:00:00+00:00,2023-06-10,27.9807,48.3,57.93,184.25,15.2,-169.0,37.1376,410.96,491.56,35.4029,1.7347,-,C,0.46,75.34,,SK
Slovakia,SK,SK,2023-06-11 10:10:03,2023-06-10 00:00:00+00:00,2023-06-11,28.144,48.3,58.27,176.94,13.6,-163.3,37.1376,410.96,491.56,35.4225,1.7151,-,C,0.44,75.78,,SK
Slovakia,SK,SK,2023-06-12 07:50:17,2023-06-11 00:00:00+00:00,2023-06-12,28.2997,48.3,58.59,169.4,13.8,-155.6,37.1376,410.96,491.56,35.4225,1.7151,-,C,0.42,76.2,,SK
Slovakia,SK,SK,2023-06-13 06:15:25,2023-06-12 00:00:00+00:00,2023-06-13,28.4354,48.3,58.87,150.77,15.3,-135.5,37.1376,410.96,491.56,35.4225,1.7151,-,C,0.37,76.57,,SK
Slovakia,SK,SK,2023-06-18 14:55:03,2023-06-13 00:00:00+00:00,2023-06-14,28.5883,48.3,59.19,169.16,16.3,-152.9,37.1376,410.96,491.56,35.5565,1.5811,-,C,0.41,76.98,,SK
Slovakia,SK,SK,2023-06-15 06:07:10,2023-06-14 00:00:00+00:00,2023-06-15,28.7284,48.3,59.48,155.74,15.6,-140.1,37.1376,410.96,491.56,35.5622,1.5754,-,C,0.38,77.36,,SK
Slovakia,SK,SK,2023-06-16 07:25:13,2023-06-15 00:00:00+00:00,2023-06-16,28.8493,48.3,59.73,134.66,14.0,-120.6,37.1376,410.96,491.56,35.5622,1.5754,-,C,0.33,77.68,,SK
Slovakia,SK,SK,2023-06-17 08:06:11,2023-06-16 00:00:00+00:00,2023-06-17,28.9686,48.3,59.98,132.85,13.9,-118.9,37.1376,410.96,491.56,35.5622,1.5754,-,C,0.32,78.0,,SK
Slovakia,SK,SK,2023-06-19 05:45:06,2023-06-17 00:00:00+00:00,2023-06-18,29.1306,48.3,60.31,176.78,15.0,-161.7,37.1376,410.96,491.56,35.6896,1.448,-,C,0.44,78.44,,SK
Slovakia,SK,SK,2023-06-19 06:40:08,2023-06-18 00:00:00+00:00,2023-06-19,29.2945,48.3,60.65,179.44,15.6,-163.9,37.1376,410.96,491.56,35.6896,1.448,-,C,0.44,78.88,,SK
Slovakia,SK,SK,2023-06-20 07:10:33,2023-06-19 00:00:00+00:00,2023-06-20,29.426,48.3,60.92,145.68,14.2,-131.5,37.1376,410.96,491.56,35.6896,1.448,-,C,0.35,79.24,,SK
Slovakia,SK,SK,2023-06-21 07:11:02,2023-06-20 00:00:00+00:00,2023-06-21,29.497,48.3,61.07,89.3,18.3,-71.0,37.1376,410.96,491.56,35.7377,1.3999,-,C,0.19,79.43,,SK
Slovakia,SK,SK,2023-06-22 08:10:31,2023-06-21 00:00:00+00:00,2023-06-22,29.6058,48.3,61.3,138.63,30.1,-108.5,37.1376,410.96,491.56,35.9877,1.1499,-,C,0.29,79.72,,SK
Slovakia,SK,SK,2023-06-23 06:45:13,2023-06-22 00:00:00+00:00,2023-06-23,29.6759,48.3,61.44,91.23,21.5,-69.8,37.1376,410.96,491.56,35.9877,1.1499,-,C,0.19,79.91,,SK
Slovakia,SK,SK,2023-06-24 08:45:29,2023-06-23 00:00:00+00:00,2023-06-24,29.7915,48.3,61.68,130.09,14.5,-115.6,37.1376,410.96,491.56,36.1252,1.0124,-,C,0.31,80.22,,SK
Slovakia,SK,SK,2023-06-25 08:25:56,2023-06-24 00:00:00+00:00,2023-06-25,29.9626,48.3,62.03,184.88,14.1,-170.8,37.1376,410.96,491.56,36.2236,0.914,-,C,0.46,80.68,,SK
Slovakia,SK,SK,2023-06-26 06:35:51,2023-06-25 00:00:00+00:00,2023-06-26,30.133,48.3,62.39,184.41,14.3,-170.1,37.1376,410.96,491.56,36.2236,0.914,-,C,0.46,81.14,,SK
Slovakia,SK,SK,2023-06-27 06:15:36,2023-06-26 00:00:00+00:00,2023-06-27,30.27,48.3,62.67,151.74,15.1,-136.7,37.1376,410.96,491.56,36.2706,0.867,-,C,0.37,81.51,,SK
Slovakia,SK,SK,2023-06-28 07:10:34,2023-06-27 00:00:00+00:00,2023-06-28,30.3601,48.3,62.86,120.65,30.6,-90.1,37.1376,410.96,491.56,36.3123,0.8253,-,C,0.24,81.75,,SK
Slovakia,SK,SK,2023-06-29 07:35:37,2023-06-28 00:00:00+00:00,2023-06-29,30.4494,48.3,63.04,120.57,31.3,-89.2,37.1376,410.96,491.56,36.3542,0.7834,-,C,0.24,81.99,,SK
Slovakia,SK,SK,2023-06-30 07:20:46,2023-06-29 00:00:00+00:00,2023-06-30,30.556,48.3,63.26,121.33,15.0,-106.3,37.1376,410.96,491.56,36.396,0.7416,-,C,0.29,82.28,,SK
Slovakia,SK,SK,2023-07-01 07:10:10,2023-06-30 00:00:00+00:00,2023-07-01,30.6878,48.3,63.54,146.26,14.8,-131.5,37.1376,410.96,491.56,36.3942,0.7434,-,C,0.35,82.63,,SK
Ukraine,UA,UA,2023-06-02 06:58:00,2023-06-01 00:00:00+00:00,2023-06-02,57.3693,215.05,26.68,286.17,0.0,-286.1,320.8342,2336.17,1297.12,0,263.4649,-,C,0.09,17.88,,UA
Ukraine,UA,UA,2023-06-03 06:55:11,2023-06-02 00:00:00+00:00,2023-06-03,57.6655,215.05,26.81,290.38,0.0,-290.3,320.8536,2335.18,1299.6,0,263.1881,-,C,0.09,17.97,,UA
Ukraine,UA,UA,2023-06-04 06:33:05,2023-06-03 00:00:00+00:00,2023-06-04,57.9687,215.05,26.96,280.97,0.0,-280.9,320.9459,2334.81,1302.11,0,262.9772,-,C,0.09,18.06,,UA
Ukraine,UA,UA,2023-06-05 07:10:56,2023-06-04 00:00:00+00:00,2023-06-05,58.2933,215.05,27.11,306.31,0.0,-306.3,321.1388,2334.95,1304.61,0,262.8456,-,C,0.1,18.15,,UA
Ukraine,UA,UA,2023-06-06 06:41:20,2023-06-05 00:00:00+00:00,2023-06-06,58.5176,215.05,27.21,273.16,0.0,-273.1,320.7687,2331.76,1306.2,0,262.2512,-,C,0.07,18.24,,UA
Ukraine,UA,UA,2023-06-07 07:45:46,2023-06-06 00:00:00+00:00,2023-06-07,58.8073,215.05,27.35,252.65,0.0,-252.6,320.848,2331.62,1309.38,0,262.0407,-,C,0.09,18.33,,UA
Ukraine,UA,UA,2023-06-08 06:38:38,2023-06-07 00:00:00+00:00,2023-06-08,59.1559,215.05,27.51,217.22,0.0,-217.2,320.9975,2331.91,1315.44,0,261.8416,-,C,0.11,18.43,,UA
Ukraine,UA,UA,2023-06-09 07:19:26,2023-06-08 00:00:00+00:00,2023-06-09,59.3898,215.05,27.62,227.1,0.0,-227.1,320.9666,2331.09,1317.55,0,261.5769,-,C,0.07,18.5,,UA
Ukraine,UA,UA,2023-06-10 07:14:19,2023-06-09 00:00:00+00:00,2023-06-10,59.6075,215.05,27.72,222.79,0.0,-222.8,320.947,2330.41,1319.5,0,261.3395,-,C,0.07,18.57,,UA
Ukraine,UA,UA,2023-06-11 06:54:30,2023-06-10 00:00:00+00:00,2023-06-11,59.8558,215.05,27.83,247.75,0.0,-247.7,320.9563,2329.96,1321.38,0,261.1005,-,C,0.08,18.65,,UA
Ukraine,UA,UA,2023-06-12 06:43:59,2023-06-11 00:00:00+00:00,2023-06-12,60.1125,215.05,27.95,268.92,0.0,-268.9,320.7581,2327.51,1324.08,0,260.6456,-,C,0.08,18.74,,UA
Ukraine,UA,UA,2023-06-13 06:33:57,2023-06-12 00:00:00+00:00,2023-06-13,60.2861,215.05,28.03,238.5,0.0,-238.5,320.3134,2321.72,1324.43,0,260.0273,-,C,0.05,18.82,,UA
Ukraine,UA,UA,2023-06-14 07:19:05,2023-06-13 00:00:00+00:00,2023-06-14,60.5443,215.05,28.15,251.54,0.0,-251.5,320.3758,2321.79,1327.19,0,259.8315,-,C,0.08,18.9,,UA
Ukraine,UA,UA,2023-06-15 07:25:48,2023-06-14 00:00:00+00:00,2023-06-15,60.9822,215.05,28.36,285.79,0.0,-285.8,320.7557,2325.67,1334.0,0,259.7735,-,C,0.14,19.01,,UA
Ukraine,UA,UA,2023-06-16 07:46:46,2023-06-15 00:00:00+00:00,2023-06-16,60.9838,215.05,28.36,276.89,0.2,-276.7,319.0728,2313.81,1332.71,0,258.089,-,C,0.0,19.11,,UA
Ukraine,UA,UA,2023-06-17 07:24:13,2023-06-16 00:00:00+00:00,2023-06-17,61.4492,215.05,28.57,280.12,0.1,-280.0,320.3693,2321.65,1337.78,0,258.92,-,C,0.15,19.18,,UA
Ukraine,UA,UA,2023-06-18 07:10:18,2023-06-17 00:00:00+00:00,2023-06-18,61.7944,215.05,28.73,325.09,0.0,-325.1,320.5072,2322.22,1341.23,0,258.7128,-,C,0.11,19.28,,UA
Ukraine,UA,UA,2023-06-19 06:54:05,2023-06-18 00:00:00+00:00,2023-06-19,62.1553,215.05,28.9,364.07,0.0,-364.1,320.5163,2321.67,1344.85,0,258.361,-,C,0.11,19.39,,UA
Ukraine,UA,UA,2023-06-20 12:27:54,2023-06-19 00:00:00+00:00,2023-06-20,62.4904,215.05,29.06,357.86,0.0,-357.9,320.4641,2320.65,1347.91,0,257.9738,-,C,0.1,19.5,,UA
Ukraine,UA,UA,2023-06-21 07:14:58,2023-06-20 00:00:00+00:00,2023-06-21,62.8511,215.05,29.23,330.47,0.1,-330.4,320.7508,2323.01,1351.55,0,257.8997,-,C,0.11,19.59,,UA
Ukraine,UA,UA,2023-06-22 06:39:56,2023-06-21 00:00:00+00:00,2023-06-22,63.3242,215.05,29.45,327.73,0.0,-327.7,321.4118,2327.35,1357.0,0,258.0876,-,C,0.15,19.7,,UA
Ukraine,UA,UA,2023-06-23 07:23:16,2023-06-22 00:00:00+00:00,2023-06-23,63.7206,215.05,29.63,333.18,0.0,-333.2,321.8156,2329.59,1360.64,0,258.0949,-,C,0.12,19.8,,UA
Ukraine,UA,UA,2023-06-24 06:40:34,2023-06-23 00:00:00+00:00,2023-06-24,64.0808,215.05,29.8,356.53,0.0,-356.5,321.7396,2328.43,1364.34,0,257.6588,-,C,0.11,19.92,,UA
Ukraine,UA,UA,2023-06-25 07:09:46,2023-06-24 00:00:00+00:00,2023-06-25,64.476,215.05,29.98,395.59,0.0,-395.6,321.6862,2327.55,1368.58,0,257.2101,-,C,0.12,20.04,,UA
Ukraine,UA,UA,2023-06-26 06:36:04,2023-06-25 00:00:00+00:00,2023-06-26,64.8922,215.05,30.18,401.14,0.0,-401.1,321.8087,2327.81,1372.56,0,256.9166,-,C,0.13,20.16,,UA
Ukraine,UA,UA,2023-06-27 06:38:20,2023-06-26 00:00:00+00:00,2023-06-27,65.2896,215.05,30.36,376.95,0.0,-376.9,321.9208,2328.31,1376.8,0,256.6312,-,C,0.12,20.28,,UA
Ukraine,UA,UA,2023-06-28 06:36:35,2023-06-27 00:00:00+00:00,2023-06-28,65.7936,215.05,30.59,349.15,0.0,-349.1,322.9522,2334.05,1381.98,0,257.1586,-,C,0.16,20.37,,UA
Ukraine,UA,UA,2023-06-29 07:07:52,2023-06-28 00:00:00+00:00,2023-06-29,65.9092,215.05,30.65,344.07,0.0,-344.1,321.6648,2325.41,1382.5,0,255.7556,-,C,0.04,20.49,,UA
Ukraine,UA,UA,2023-06-30 06:38:02,2023-06-29 00:00:00+00:00,2023-06-30,66.3198,215.05,30.84,318.63,0.0,-318.6,322.0833,2328.55,1387.2,0,255.7635,-,C,0.13,20.59,,UA
Ukraine,UA,UA,2023-07-01 06:55:58,2023-06-30 00:00:00+00:00,2023-07-01,66.604,215.05,30.97,313.32,0.0,-313.3,321.9539,2326.44,1389.07,0,255.3499,-,C,0.09,20.69,,UA
